NodeID,ConnectedNodeID,Distance,Coordinates,Intersection_Name
0,13,237,"(1359940.7498582602, 410844.25008517504)","['SCHENLEY RD', 'BORDER']"
0,14,385,"(1359940.7498582602, 410844.25008517504)","['SCHENLEY RD', 'BORDER']"
0,346,272,"(1359940.7498582602, 410844.25008517504)","['SCHENLEY RD', 'BORDER']"
1,2,223,"(1362374.4999120086, 409670.0001370907)","['WIGHTMAN ST', 'HOLLENDEN PL', 'ALLEY']"
1,126,238,"(1362374.4999120086, 409670.0001370907)","['WIGHTMAN ST', 'HOLLENDEN PL', 'ALLEY']"
1,347,180,"(1362374.4999120086, 409670.0001370907)","['WIGHTMAN ST', 'HOLLENDEN PL', 'ALLEY']"
1,348,184,"(1362374.4999120086, 409670.0001370907)","['WIGHTMAN ST', 'HOLLENDEN PL', 'ALLEY']"
2,1,223,"(1362375.9999090135, 409446.7502555102)","['WIGHTMAN ST', 'DARLINGTON RD']"
2,262,375,"(1362375.9999090135, 409446.7502555102)","['WIGHTMAN ST', 'DARLINGTON RD']"
2,263,830,"(1362375.9999090135, 409446.7502555102)","['WIGHTMAN ST', 'DARLINGTON RD']"
2,349,173,"(1362375.9999090135, 409446.7502555102)","['WIGHTMAN ST', 'DARLINGTON RD']"
3,4,493,"(1357199.750090927, 408859.75011716783)","['PANTHER HOLLOW RD', 'OVERLOOK DR']"
3,123,305,"(1357199.750090927, 408859.75011716783)","['PANTHER HOLLOW RD', 'OVERLOOK DR']"
3,214,351,"(1357199.750090927, 408859.75011716783)","['PANTHER HOLLOW RD', 'OVERLOOK DR']"
3,279,128,"(1357199.750090927, 408859.75011716783)","['PANTHER HOLLOW RD', 'OVERLOOK DR']"
4,3,493,"(1357142.855847761, 409305.88734824955)","['PANTHER HOLLOW RD', 'BORDER']"
4,8,82,"(1357142.855847761, 409305.88734824955)","['PANTHER HOLLOW RD', 'BORDER']"
4,18,114,"(1357142.855847761, 409305.88734824955)","['PANTHER HOLLOW RD', 'BORDER']"
5,6,580,"(1354936.7500237525, 407076.5000747591)","['DAWSON ST', 'FRAZIER ST']"
5,245,171,"(1354936.7500237525, 407076.5000747591)","['DAWSON ST', 'FRAZIER ST']"
5,314,216,"(1354936.7500237525, 407076.5000747591)","['DAWSON ST', 'FRAZIER ST']"
6,5,580,"(1355048.000129342, 407645.7499205023)","['DAWSON ST', 'DAWSON CT']"
6,330,163,"(1355048.000129342, 407645.7499205023)","['DAWSON ST', 'DAWSON CT']"
6,350,198,"(1355048.000129342, 407645.7499205023)","['DAWSON ST', 'DAWSON CT']"
7,8,600,"(1357632.4998815954, 408873.2500901669)","['PANTHER HOLLOW RD', 'BLVD OF THE ALLIES']"
7,107,2461,"(1357632.4998815954, 408873.2500901669)","['PANTHER HOLLOW RD', 'BLVD OF THE ALLIES']"
7,214,119,"(1357632.4998815954, 408873.2500901669)","['PANTHER HOLLOW RD', 'BLVD OF THE ALLIES']"
8,4,82,"(1357225.0928880125, 409308.49298608303)","['PANTHER HOLLOW RD', 'BORDER']"
8,7,600,"(1357225.0928880125, 409308.49298608303)","['PANTHER HOLLOW RD', 'BORDER']"
8,18,133,"(1357225.0928880125, 409308.49298608303)","['PANTHER HOLLOW RD', 'BORDER']"
9,10,1140,"(1355759.5000186712, 411660.2500935942)","['SCHENLEY DR', 'SCHENLEY DR EXT']"
9,167,371,"(1355759.5000186712, 411660.2500935942)","['SCHENLEY DR', 'SCHENLEY DR EXT']"
9,198,432,"(1355759.5000186712, 411660.2500935942)","['SCHENLEY DR', 'SCHENLEY DR EXT']"
10,9,1140,"(1356716.000074178, 411050.2500012517)","['SCHENLEY DR', 'FREW ST']"
10,49,89,"(1356716.000074178, 411050.2500012517)","['SCHENLEY DR', 'FREW ST']"
10,138,411,"(1356716.000074178, 411050.2500012517)","['SCHENLEY DR', 'FREW ST']"
10,158,933,"(1356716.000074178, 411050.2500012517)","['SCHENLEY DR', 'FREW ST']"
11,12,22,"(1354886.2501247525, 409650.500176087)","['SEMPLE ST', 'URIE WAY']"
11,152,226,"(1354886.2501247525, 409650.500176087)","['SEMPLE ST', 'URIE WAY']"
11,170,135,"(1354886.2501247525, 409650.500176087)","['SEMPLE ST', 'URIE WAY']"
12,11,22,"(1354901.5000942498, 409633.4998820126)","['SEMPLE ST', 'SAINT JAMES PL']"
12,19,179,"(1354901.5000942498, 409633.4998820126)","['SEMPLE ST', 'SAINT JAMES PL']"
12,338,239,"(1354901.5000942498, 409633.4998820126)","['SEMPLE ST', 'SAINT JAMES PL']"
13,0,237,"(1359792.2501552552, 410670.5004326701)","['SCHENLEY RD', 'BORDER']"
13,162,88,"(1359792.2501552552, 410670.5004326701)","['SCHENLEY RD', 'BORDER']"
13,351,409,"(1359792.2501552552, 410670.5004326701)","['SCHENLEY RD', 'BORDER']"
14,0,385,"(1360230.7502625138, 410833.7501061708)","['SCHENLEY RD', 'FORBES AVE']"
14,109,45,"(1360230.7502625138, 410833.7501061708)","['SCHENLEY RD', 'FORBES AVE']"
14,130,317,"(1360230.7502625138, 410833.7501061708)","['SCHENLEY RD', 'FORBES AVE']"
15,16,96,"(1354746.000077173, 408173.25017784536)","['WARD ST', 'HOLMES PL']"
15,331,460,"(1354746.000077173, 408173.25017784536)","['WARD ST', 'HOLMES PL']"
15,337,198,"(1354746.000077173, 408173.25017784536)","['WARD ST', 'HOLMES PL']"
16,15,96,"(1354765.0000391752, 408268.24998784065)","['WARD ST', 'CATO ST']"
16,248,41,"(1354765.0000391752, 408268.24998784065)","['WARD ST', 'CATO ST']"
16,249,200,"(1354765.0000391752, 408268.24998784065)","['WARD ST', 'CATO ST']"
17,18,510,"(1356920.749992758, 408969.7498971671)","['BLVD OF THE ALLIES', 'OVERLOOK DR']"
17,123,400,"(1356920.749992758, 408969.7498971671)","['BLVD OF THE ALLIES', 'OVERLOOK DR']"
17,247,424,"(1356920.749992758, 408969.7498971671)","['BLVD OF THE ALLIES', 'OVERLOOK DR']"
17,279,446,"(1356920.749992758, 408969.7498971671)","['BLVD OF THE ALLIES', 'OVERLOOK DR']"
18,4,114,"(1357150.1497964263, 409417.68108792603)","['PANTHER HOLLOW RD', 'BLVD OF THE ALLIES', 'PANTHER HOLLOW BRG']"
18,8,133,"(1357150.1497964263, 409417.68108792603)","['PANTHER HOLLOW RD', 'BLVD OF THE ALLIES', 'PANTHER HOLLOW BRG']"
18,17,510,"(1357150.1497964263, 409417.68108792603)","['PANTHER HOLLOW RD', 'BLVD OF THE ALLIES', 'PANTHER HOLLOW BRG']"
18,242,575,"(1357150.1497964263, 409417.68108792603)","['PANTHER HOLLOW RD', 'BLVD OF THE ALLIES', 'PANTHER HOLLOW BRG']"
19,12,179,"(1355003.9998892546, 409493.25049059093)","['SEMPLE ST', 'WARD ST']"
19,213,84,"(1355003.9998892546, 409493.25049059093)","['SEMPLE ST', 'WARD ST']"
19,227,217,"(1355003.9998892546, 409493.25049059093)","['SEMPLE ST', 'WARD ST']"
20,21,338,"(1354279.2500264198, 409646.7501835823)","['ALLEY', 'BORDER']"
21,20,338,"(1354528.7498555034, 409701.2500745952)","['ALLEY', 'MCKEE PL']"
21,169,176,"(1354528.7498555034, 409701.2500745952)","['ALLEY', 'MCKEE PL']"
21,196,726,"(1354528.7498555034, 409701.2500745952)","['ALLEY', 'MCKEE PL']"
22,108,1846,"(1359576.249931097, 406768.25003509223)","['GREENFIELD BRG', 'POCUSSET ST', 'GREENFIELD RD']"
22,352,732,"(1359576.249931097, 406768.25003509223)","['GREENFIELD BRG', 'POCUSSET ST', 'GREENFIELD RD']"
22,353,1425,"(1359576.249931097, 406768.25003509223)","['GREENFIELD BRG', 'POCUSSET ST', 'GREENFIELD RD']"
23,24,153,"(1355551.0001075864, 410668.50010858476)","['S BOUQUET ST', 'BATES ST']"
23,125,217,"(1355551.0001075864, 410668.50010858476)","['S BOUQUET ST', 'BATES ST']"
23,151,137,"(1355551.0001075864, 410668.50010858476)","['S BOUQUET ST', 'BATES ST']"
24,23,153,"(1355674.9998595864, 410577.7502900958)","['S BOUQUET ST', 'DIMLING WAY']"
24,326,120,"(1355674.9998595864, 410577.7502900958)","['S BOUQUET ST', 'DIMLING WAY']"
24,354,236,"(1355674.9998595864, 410577.7502900958)","['S BOUQUET ST', 'DIMLING WAY']"
25,80,330,"(1361082.7498708367, 406790.49999058247)","['FORWARD AVE TO I376 WB RAMP', 'BEECHWOOD BLVD TO I376 WB RAMP']"
25,321,1957,"(1361082.7498708367, 406790.49999058247)","['FORWARD AVE TO I376 WB RAMP', 'BEECHWOOD BLVD TO I376 WB RAMP']"
25,355,2153,"(1361082.7498708367, 406790.49999058247)","['FORWARD AVE TO I376 WB RAMP', 'BEECHWOOD BLVD TO I376 WB RAMP']"
26,27,898,"(1357294.8516067564, 412397.4690915942)","['FORBES AVE', 'BORDER']"
26,142,676,"(1357294.8516067564, 412397.4690915942)","['FORBES AVE', 'BORDER']"
27,26,898,"(1358193.2504005134, 412415.749894917)","['FORBES AVE', 'MOREWOOD AVE']"
27,284,537,"(1358193.2504005134, 412415.749894917)","['FORBES AVE', 'MOREWOOD AVE']"
27,324,300,"(1358193.2504005134, 412415.749894917)","['FORBES AVE', 'MOREWOOD AVE']"
28,356,1203,"(1354244.447602585, 406782.73655466735)","['2ND AVE', 'BORDER']"
29,30,88,"(1360445.0001620948, 412786.5004657507)","['OLYMPIA PL', 'BORDER']"
29,290,177,"(1360445.0001620948, 412786.5004657507)","['OLYMPIA PL', 'BORDER']"
29,357,182,"(1360445.0001620948, 412786.5004657507)","['OLYMPIA PL', 'BORDER']"
30,29,88,"(1360356.500011012, 412781.5001476705)","['OLYMPIA PL', 'BORDER']"
31,32,467,"(1359199.0000294298, 412522.7500090003)","['PENTON RD', 'PARISH LN']"
31,61,256,"(1359199.0000294298, 412522.7500090003)","['PENTON RD', 'PARISH LN']"
32,31,467,"(1359645.000121668, 412473.2501080036)","['PENTON RD', 'DORSET RD']"
32,286,270,"(1359645.000121668, 412473.2501080036)","['PENTON RD', 'DORSET RD']"
32,305,222,"(1359645.000121668, 412473.2501080036)","['PENTON RD', 'DORSET RD']"
33,34,204,"(1354464.9999830127, 408813.4998815954)","['THORA WAY', 'JULIET ST']"
33,50,171,"(1354464.9999830127, 408813.4998815954)","['THORA WAY', 'JULIET ST']"
33,259,153,"(1354464.9999830127, 408813.4998815954)","['THORA WAY', 'JULIET ST']"
34,33,204,"(1354654.999931097, 408738.00003258884)","['THORA WAY', 'HARDIE WAY']"
34,230,199,"(1354654.999931097, 408738.00003258884)","['THORA WAY', 'HARDIE WAY']"
34,260,114,"(1354654.999931097, 408738.00003258884)","['THORA WAY', 'HARDIE WAY']"
35,36,171,"(1354456.2500005066, 406909.50040875375)","['FOWLKES WAY', 'BORDER']"
36,35,171,"(1354579.0000830889, 407029.2498411685)","['FOWLKES WAY', 'BORDER']"
36,316,143,"(1354579.0000830889, 407029.2498411685)","['FOWLKES WAY', 'BORDER']"
37,38,867,"(1358158.5001419187, 407015.2498691678)","['NAYLOR ST', 'LEVENE ST']"
37,39,168,"(1358158.5001419187, 407015.2498691678)","['NAYLOR ST', 'LEVENE ST']"
37,181,184,"(1358158.5001419187, 407015.2498691678)","['NAYLOR ST', 'LEVENE ST']"
38,37,867,"(1358854.500062257, 406883.7501321733)","['NAYLOR ST', 'SALINE ST']"
38,181,655,"(1358854.500062257, 406883.7501321733)","['NAYLOR ST', 'SALINE ST']"
38,358,218,"(1358854.500062257, 406883.7501321733)","['NAYLOR ST', 'SALINE ST']"
39,37,168,"(1358003.750123337, 406948.25000317395)","['NAYLOR ST', 'BORDER']"
40,41,264,"(1354263.964952007, 409344.24783584476)","['ZULEMA ST', 'BORDER']"
41,40,264,"(1354376.750159502, 409346.50045600533)","['ZULEMA ST', 'COLTART AVE']"
41,225,88,"(1354376.750159502, 409346.50045600533)","['ZULEMA ST', 'COLTART AVE']"
41,298,105,"(1354376.750159502, 409346.50045600533)","['ZULEMA ST', 'COLTART AVE']"
41,299,180,"(1354376.750159502, 409346.50045600533)","['ZULEMA ST', 'COLTART AVE']"
42,43,152,"(1355165.9998933375, 410606.9999035001)","['PIER ST', 'ERMINE WAY']"
42,145,135,"(1355165.9998933375, 410606.9999035001)","['PIER ST', 'ERMINE WAY']"
42,146,121,"(1355165.9998933375, 410606.9999035001)","['PIER ST', 'ERMINE WAY']"
43,42,152,"(1355279.7499939203, 410708.5000285953)","['PIER ST', 'ARGYLE WAY']"
43,125,134,"(1355279.7499939203, 410708.5000285953)","['PIER ST', 'ARGYLE WAY']"
43,147,95,"(1355279.7499939203, 410708.5000285953)","['PIER ST', 'ARGYLE WAY']"
43,359,112,"(1355279.7499939203, 410708.5000285953)","['PIER ST', 'ARGYLE WAY']"
44,45,121,"(1360921.9998642504, 409611.49992600083)","['DARLINGTON CT', 'BORDER']"
44,168,273,"(1360921.9998642504, 409611.49992600083)","['DARLINGTON CT', 'BORDER']"
45,44,129,"(1361015.2500058413, 409545.25005850196)","['DARLINGTON CT', 'BORDER']"
46,47,361,"(1360537.2499775887, 411005.0004198402)","['PLAINFIELD ST', 'MALVERN AVE']"
46,48,906,"(1360537.2499775887, 411005.0004198402)","['PLAINFIELD ST', 'MALVERN AVE']"
46,109,357,"(1360537.2499775887, 411005.0004198402)","['PLAINFIELD ST', 'MALVERN AVE']"
47,46,361,"(1360874.4999592602, 411136.5001568347)","['PLAINFIELD ST', 'SQUIRREL HILL AVE']"
47,112,338,"(1360874.4999592602, 411136.5001568347)","['PLAINFIELD ST', 'SQUIRREL HILL AVE']"
47,115,359,"(1360874.4999592602, 411136.5001568347)","['PLAINFIELD ST', 'SQUIRREL HILL AVE']"
47,135,558,"(1360874.4999592602, 411136.5001568347)","['PLAINFIELD ST', 'SQUIRREL HILL AVE']"
48,46,906,"(1360208.9999779165, 411850.0000421703)","['MALVERN AVE', 'FAIR OAKS ST']"
48,71,184,"(1360208.9999779165, 411850.0000421703)","['MALVERN AVE', 'FAIR OAKS ST']"
49,10,89,"(1356657.9998620898, 410982.7501362562)","['FREW ST', 'FRANK CURTO DR']"
49,158,937,"(1356657.9998620898, 410982.7501362562)","['FREW ST', 'FRANK CURTO DR']"
49,195,612,"(1356657.9998620898, 410982.7501362562)","['FREW ST', 'FRANK CURTO DR']"
50,33,171,"(1354505.49990201, 408979.999876678)","['JULIET ST', 'BLVD OF THE ALLIES']"
50,51,107,"(1354505.49990201, 408979.999876678)","['JULIET ST', 'BLVD OF THE ALLIES']"
50,297,142,"(1354505.49990201, 408979.999876678)","['JULIET ST', 'BLVD OF THE ALLIES']"
51,50,107,"(1354605.0000310838, 408939.7502852529)","['BLVD OF THE ALLIES', 'WELSFORD ST']"
51,215,382,"(1354605.0000310838, 408939.7502852529)","['BLVD OF THE ALLIES', 'WELSFORD ST']"
51,315,130,"(1354605.0000310838, 408939.7502852529)","['BLVD OF THE ALLIES', 'WELSFORD ST']"
52,53,1425,"(1359857.4813240021, 406734.14774109423)","['POCUSSET ST', 'BORDER']"
53,52,1425,"(1360826.5000552535, 407114.9999977499)","['POCUSSET ST', 'BORDER']"
53,257,940,"(1360826.5000552535, 407114.9999977499)","['POCUSSET ST', 'BORDER']"
54,55,283,"(1356296.4999289215, 412861.99998667836)","['WINTHROP ST', 'VANCE WAY']"
54,57,162,"(1356296.4999289215, 412861.99998667836)","['WINTHROP ST', 'VANCE WAY']"
54,208,202,"(1356296.4999289215, 412861.99998667836)","['WINTHROP ST', 'VANCE WAY']"
55,54,283,"(1356579.7500185966, 412882.50027374923)","['WINTHROP ST', 'S CRAIG ST']"
55,83,171,"(1356579.7500185966, 412882.50027374923)","['WINTHROP ST', 'S CRAIG ST']"
55,84,201,"(1356579.7500185966, 412882.50027374923)","['WINTHROP ST', 'S CRAIG ST']"
55,89,198,"(1356579.7500185966, 412882.50027374923)","['WINTHROP ST', 'S CRAIG ST']"
56,57,204,"(1356120.2499533445, 413053.7502593398)","['S DITHRIDGE ST', 'HENRY ST']"
56,185,199,"(1356120.2499533445, 413053.7502593398)","['S DITHRIDGE ST', 'HENRY ST']"
56,208,163,"(1356120.2499533445, 413053.7502593398)","['S DITHRIDGE ST', 'HENRY ST']"
57,54,162,"(1356134.4999248385, 412850.000338763)","['S DITHRIDGE ST', 'WINTHROP ST']"
57,56,204,"(1356134.4999248385, 412850.000338763)","['S DITHRIDGE ST', 'WINTHROP ST']"
57,191,197,"(1356134.4999248385, 412850.000338763)","['S DITHRIDGE ST', 'WINTHROP ST']"
58,59,250,"(1354297.4999899268, 410995.0004398376)","['SENNOTT ST', 'ATWOOD ST']"
58,74,395,"(1354297.4999899268, 410995.0004398376)","['SENNOTT ST', 'ATWOOD ST']"
58,333,306,"(1354297.4999899268, 410995.0004398376)","['SENNOTT ST', 'ATWOOD ST']"
58,344,272,"(1354297.4999899268, 410995.0004398376)","['SENNOTT ST', 'ATWOOD ST']"
59,58,250,"(1354482.9999470115, 411162.7504324168)","['SENNOTT ST', 'OAKLAND AVE']"
59,111,259,"(1354482.9999470115, 411162.7504324168)","['SENNOTT ST', 'OAKLAND AVE']"
59,145,870,"(1354482.9999470115, 411162.7504324168)","['SENNOTT ST', 'OAKLAND AVE']"
59,267,305,"(1354482.9999470115, 411162.7504324168)","['SENNOTT ST', 'OAKLAND AVE']"
60,61,441,"(1359321.6326581687, 413081.738720417)","['PARISH LN', 'BORDER']"
61,31,256,"(1359282.2498629242, 412764.00018267334)","['PARISH LN', 'HOLYROOD RD']"
61,60,441,"(1359282.2498629242, 412764.00018267334)","['PARISH LN', 'HOLYROOD RD']"
61,305,360,"(1359282.2498629242, 412764.00018267334)","['PARISH LN', 'HOLYROOD RD']"
62,63,134,"(1355845.2498471737, 409860.7504117489)","['PARKVIEW AVE', 'OAKLAND WAY']"
62,184,129,"(1355845.2498471737, 409860.7504117489)","['PARKVIEW AVE', 'OAKLAND WAY']"
62,360,125,"(1355845.2498471737, 409860.7504117489)","['PARKVIEW AVE', 'OAKLAND WAY']"
62,361,164,"(1355845.2498471737, 409860.7504117489)","['PARKVIEW AVE', 'OAKLAND WAY']"
63,62,134,"(1355719.5000986755, 409908.2499886751)","['OAKLAND WAY', 'JET WAY']"
63,273,153,"(1355719.5000986755, 409908.2499886751)","['OAKLAND WAY', 'JET WAY']"
63,274,150,"(1355719.5000986755, 409908.2499886751)","['OAKLAND WAY', 'JET WAY']"
64,65,396,"(1354877.2501427531, 408832.250172168)","['BLVD OF THE ALLIES', 'WARD ST']"
64,227,455,"(1354877.2501427531, 408832.250172168)","['BLVD OF THE ALLIES', 'WARD ST']"
64,230,138,"(1354877.2501427531, 408832.250172168)","['BLVD OF THE ALLIES', 'WARD ST']"
64,315,162,"(1354877.2501427531, 408832.250172168)","['BLVD OF THE ALLIES', 'WARD ST']"
65,64,396,"(1355264.7500239164, 408748.5000115931)","['BLVD OF THE ALLIES', 'DAWSON ST']"
65,188,329,"(1355264.7500239164, 408748.5000115931)","['BLVD OF THE ALLIES', 'DAWSON ST']"
65,216,679,"(1355264.7500239164, 408748.5000115931)","['BLVD OF THE ALLIES', 'DAWSON ST']"
65,231,276,"(1355264.7500239164, 408748.5000115931)","['BLVD OF THE ALLIES', 'DAWSON ST']"
66,81,287,"(1355585.7500380874, 413015.5000077486)","['RUSKIN AVE', '5TH AVE']"
66,362,650,"(1355585.7500380874, 413015.5000077486)","['RUSKIN AVE', '5TH AVE']"
66,363,193,"(1355585.7500380874, 413015.5000077486)","['RUSKIN AVE', '5TH AVE']"
67,128,326,"(1354721.7501256764, 413113.25014033914)","['LYTTON AVE', 'BIGELOW BLVD']"
67,182,652,"(1354721.7501256764, 413113.25014033914)","['LYTTON AVE', 'BIGELOW BLVD']"
67,364,777,"(1354721.7501256764, 413113.25014033914)","['LYTTON AVE', 'BIGELOW BLVD']"
67,365,288,"(1354721.7501256764, 413113.25014033914)","['LYTTON AVE', 'BIGELOW BLVD']"
68,87,756,"(1362245.4998419285, 412701.4999795854)","['FAIR OAKS ST', 'WIGHTMAN ST']"
68,100,381,"(1362245.4998419285, 412701.4999795854)","['FAIR OAKS ST', 'WIGHTMAN ST']"
68,175,299,"(1362245.4998419285, 412701.4999795854)","['FAIR OAKS ST', 'WIGHTMAN ST']"
68,366,354,"(1362245.4998419285, 412701.4999795854)","['FAIR OAKS ST', 'WIGHTMAN ST']"
69,71,189,"(1360244.249907419, 412141.75011484325)","['ROBIN RD', 'BORDER']"
69,99,225,"(1360244.249907419, 412141.75011484325)","['ROBIN RD', 'BORDER']"
69,367,118,"(1360244.249907419, 412141.75011484325)","['ROBIN RD', 'BORDER']"
70,134,259,"(1359450.2498550117, 411531.25002349913)","['ROSELAWN TER', 'MARGARET MORRISON ST']"
70,332,585,"(1359450.2498550117, 411531.25002349913)","['ROSELAWN TER', 'MARGARET MORRISON ST']"
70,368,199,"(1359450.2498550117, 411531.25002349913)","['ROSELAWN TER', 'MARGARET MORRISON ST']"
71,48,184,"(1360329.0000660121, 411972.0004543364)","['FAIR OAKS ST', 'ROBIN RD']"
71,69,189,"(1360329.0000660121, 411972.0004543364)","['FAIR OAKS ST', 'ROBIN RD']"
71,131,198,"(1360329.0000660121, 411972.0004543364)","['FAIR OAKS ST', 'ROBIN RD']"
72,73,342,"(1360982.2500718385, 411782.75017666817)","['MAYNARD ST', 'BENNINGTON AVE']"
72,104,450,"(1360982.2500718385, 411782.75017666817)","['MAYNARD ST', 'BENNINGTON AVE']"
72,112,565,"(1360982.2500718385, 411782.75017666817)","['MAYNARD ST', 'BENNINGTON AVE']"
72,135,337,"(1360982.2500718385, 411782.75017666817)","['MAYNARD ST', 'BENNINGTON AVE']"
73,72,342,"(1361305.5000815094, 411895.9999501705)","['MAYNARD ST', 'INVERNESS AVE']"
73,98,551,"(1361305.5000815094, 411895.9999501705)","['MAYNARD ST', 'INVERNESS AVE']"
73,132,363,"(1361305.5000815094, 411895.9999501705)","['MAYNARD ST', 'INVERNESS AVE']"
73,133,450,"(1361305.5000815094, 411895.9999501705)","['MAYNARD ST', 'INVERNESS AVE']"
74,58,395,"(1354564.5001120865, 410703.00036767125)","['ATWOOD ST', 'LOUISA ST']"
74,173,791,"(1354564.5001120865, 410703.00036767125)","['ATWOOD ST', 'LOUISA ST']"
74,281,138,"(1354564.5001120865, 410703.00036767125)","['ATWOOD ST', 'LOUISA ST']"
75,76,183,"(1359361.7500320077, 410744.75028416514)","['NORTHUMBERLAND ST', 'BORDER']"
76,75,183,"(1359494.750094086, 410617.99988150597)","['NORTHUMBERLAND ST', 'GLADSTONE RD']"
76,156,283,"(1359494.750094086, 410617.99988150597)","['NORTHUMBERLAND ST', 'GLADSTONE RD']"
76,177,453,"(1359494.750094086, 410617.99988150597)","['NORTHUMBERLAND ST', 'GLADSTONE RD']"
77,78,406,"(1358007.5001158416, 410617.99988150597)","['SCHENLEY DR', 'W CIRCUIT RD']"
77,158,942,"(1358007.5001158416, 410617.99988150597)","['SCHENLEY DR', 'W CIRCUIT RD']"
77,287,2466,"(1358007.5001158416, 410617.99988150597)","['SCHENLEY DR', 'W CIRCUIT RD']"
78,77,406,"(1358350.0000870079, 410792.49986058474)","['SCHENLEY DR', 'TECH ST']"
78,136,93,"(1358350.0000870079, 410792.49986058474)","['SCHENLEY DR', 'TECH ST']"
78,155,2624,"(1358350.0000870079, 410792.49986058474)","['SCHENLEY DR', 'TECH ST']"
79,369,1423,"(1361431.048386842, 406722.1615445912)","['I376 WB TO BEECHWOOD BLVD RAMP', 'BORDER']"
80,25,330,"(1361176.7746171802, 406724.0982205123)","['BEECHWOOD BLVD TO I376 WB RAMP', 'BORDER']"
81,66,287,"(1355371.250139013, 412823.750063166)","['TENNYSON AVE', '5TH AVE']"
81,182,295,"(1355371.250139013, 412823.750063166)","['TENNYSON AVE', '5TH AVE']"
81,370,650,"(1355371.250139013, 412823.750063166)","['TENNYSON AVE', '5TH AVE']"
82,371,283,"(1362473.6171678454, 413057.7289259285)","['S NEGLEY AVE', 'BORDER']"
83,55,171,"(1356750.7293354273, 412894.03141866624)","['WINTHROP ST', 'ZEBINA WAY']"
83,90,198,"(1356750.7293354273, 412894.03141866624)","['WINTHROP ST', 'ZEBINA WAY']"
83,317,143,"(1356750.7293354273, 412894.03141866624)","['WINTHROP ST', 'ZEBINA WAY']"
83,345,201,"(1356750.7293354273, 412894.03141866624)","['WINTHROP ST', 'ZEBINA WAY']"
84,55,201,"(1356564.250049591, 413083.24987225235)","['S CRAIG ST', 'HENRY ST']"
84,127,209,"(1356564.250049591, 413083.24987225235)","['S CRAIG ST', 'HENRY ST']"
84,208,281,"(1356564.250049591, 413083.24987225235)","['S CRAIG ST', 'HENRY ST']"
84,345,169,"(1356564.250049591, 413083.24987225235)","['S CRAIG ST', 'HENRY ST']"
85,86,203,"(1357143.9998743385, 412925.9998586774)","['S NEVILLE ST', 'WINTHROP ST']"
85,317,251,"(1357143.9998743385, 412925.9998586774)","['S NEVILLE ST', 'WINTHROP ST']"
85,327,201,"(1357143.9998743385, 412925.9998586774)","['S NEVILLE ST', 'WINTHROP ST']"
86,85,203,"(1357204.0000824183, 412731.75024716556)","['S NEVILLE ST', 'FILMORE ST']"
86,88,297,"(1357204.0000824183, 412731.75024716556)","['S NEVILLE ST', 'FILMORE ST']"
86,143,245,"(1357204.0000824183, 412731.75024716556)","['S NEVILLE ST', 'FILMORE ST']"
87,68,756,"(1362084.8279191703, 413060.6902060956)","['WIGHTMAN ST', 'BORDER']"
88,86,297,"(1356908.2500177622, 412706.75029717386)","['FILMORE ST', 'SPRING WAY']"
88,90,142,"(1356908.2500177622, 412706.75029717386)","['FILMORE ST', 'SPRING WAY']"
88,317,198,"(1356908.2500177622, 412706.75029717386)","['FILMORE ST', 'SPRING WAY']"
89,55,198,"(1356593.9999900907, 412684.2500140816)","['S CRAIG ST', 'FILMORE ST']"
89,90,172,"(1356593.9999900907, 412684.2500140816)","['S CRAIG ST', 'FILMORE ST']"
89,142,305,"(1356593.9999900907, 412684.2500140816)","['S CRAIG ST', 'FILMORE ST']"
89,191,446,"(1356593.9999900907, 412684.2500140816)","['S CRAIG ST', 'FILMORE ST']"
90,83,198,"(1356766.4005639255, 412696.42420233786)","['ZEBINA WAY', 'FILMORE ST']"
90,88,142,"(1356766.4005639255, 412696.42420233786)","['ZEBINA WAY', 'FILMORE ST']"
90,89,172,"(1356766.4005639255, 412696.42420233786)","['ZEBINA WAY', 'FILMORE ST']"
90,372,144,"(1356766.4005639255, 412696.42420233786)","['ZEBINA WAY', 'FILMORE ST']"
91,92,41,"(1362396.7498675138, 410176.50010834634)","['WIGHTMAN ST', 'KITTANNING WAY']"
91,160,861,"(1362396.7498675138, 410176.50010834634)","['WIGHTMAN ST', 'KITTANNING WAY']"
91,164,267,"(1362396.7498675138, 410176.50010834634)","['WIGHTMAN ST', 'KITTANNING WAY']"
92,91,41,"(1362396.7498675138, 410135.0001913458)","['WIGHTMAN ST', 'MARLBOROUGH RD']"
92,126,232,"(1362396.7498675138, 410135.0001913458)","['WIGHTMAN ST', 'MARLBOROUGH RD']"
92,373,678,"(1362396.7498675138, 410135.0001913458)","['WIGHTMAN ST', 'MARLBOROUGH RD']"
93,94,380,"(1362386.9998870045, 411712.7499885857)","['WIGHTMAN ST', 'SOLWAY ST']"
93,295,407,"(1362386.9998870045, 411712.7499885857)","['WIGHTMAN ST', 'SOLWAY ST']"
93,374,189,"(1362386.9998870045, 411712.7499885857)","['WIGHTMAN ST', 'SOLWAY ST']"
94,93,380,"(1362390.2498805076, 411332.000093922)","['WIGHTMAN ST', 'WOODMONT ST']"
94,96,467,"(1362390.2498805076, 411332.000093922)","['WIGHTMAN ST', 'WOODMONT ST']"
94,114,385,"(1362390.2498805076, 411332.000093922)","['WIGHTMAN ST', 'WOODMONT ST']"
94,375,185,"(1362390.2498805076, 411332.000093922)","['WIGHTMAN ST', 'WOODMONT ST']"
95,96,261,"(1361963.000078842, 411587.50023908913)","['BELLEROCK ST', 'BELLEROCK PL']"
95,312,752,"(1361963.000078842, 411587.50023908913)","['BELLEROCK ST', 'BELLEROCK PL']"
95,376,209,"(1361963.000078842, 411587.50023908913)","['BELLEROCK ST', 'BELLEROCK PL']"
96,94,467,"(1361923.0001588464, 411330.25042550266)","['BELLEROCK ST', 'WOODMONT ST']"
96,95,261,"(1361923.0001588464, 411330.25042550266)","['BELLEROCK ST', 'WOODMONT ST']"
96,97,311,"(1361923.0001588464, 411330.25042550266)","['BELLEROCK ST', 'WOODMONT ST']"
97,96,311,"(1361612.750123173, 411355.25037550926)","['WOODMONT ST', 'MURDOCH RD']"
97,98,109,"(1361612.750123173, 411355.25037550926)","['WOODMONT ST', 'MURDOCH RD']"
97,132,614,"(1361612.750123173, 411355.25037550926)","['WOODMONT ST', 'MURDOCH RD']"
98,73,551,"(1361507.0000065863, 411382.2499934286)","['INVERNESS AVE', 'WOODMONT ST', 'PLAINFIELD ST']"
98,97,109,"(1361507.0000065863, 411382.2499934286)","['INVERNESS AVE', 'WOODMONT ST', 'PLAINFIELD ST']"
98,112,340,"(1361507.0000065863, 411382.2499934286)","['INVERNESS AVE', 'WOODMONT ST', 'PLAINFIELD ST']"
98,113,719,"(1361507.0000065863, 411382.2499934286)","['INVERNESS AVE', 'WOODMONT ST', 'PLAINFIELD ST']"
99,69,225,"(1360036.7499943376, 412054.2502898425)","['ROBIN RD', 'BORDER']"
100,68,381,"(1362375.499910012, 412346.50036150217)","['WIGHTMAN ST', 'ANNETTE WAY']"
100,175,485,"(1362375.499910012, 412346.50036150217)","['WIGHTMAN ST', 'ANNETTE WAY']"
100,295,226,"(1362375.499910012, 412346.50036150217)","['WIGHTMAN ST', 'ANNETTE WAY']"
101,102,129,"(1355734.2500691712, 409542.250392586)","['PARKVIEW AVE', 'BOLAIR WAY']"
101,232,204,"(1355734.2500691712, 409542.250392586)","['PARKVIEW AVE', 'BOLAIR WAY']"
101,276,352,"(1355734.2500691712, 409542.250392586)","['PARKVIEW AVE', 'BOLAIR WAY']"
101,377,80,"(1355734.2500691712, 409542.250392586)","['PARKVIEW AVE', 'BOLAIR WAY']"
102,101,129,"(1355775.99998568, 409664.75047567487)","['PARKVIEW AVE', 'OAKLAND SQ']"
102,117,277,"(1355775.99998568, 409664.75047567487)","['PARKVIEW AVE', 'OAKLAND SQ']"
102,378,162,"(1355775.99998568, 409664.75047567487)","['PARKVIEW AVE', 'OAKLAND SQ']"
103,280,336,"(1354404.50010401, 411965.25046783686)","['THACKERAY AVE', '5TH AVE']"
103,322,335,"(1354404.50010401, 411965.25046783686)","['THACKERAY AVE', '5TH AVE']"
103,379,635,"(1354404.50010401, 411965.25046783686)","['THACKERAY AVE', '5TH AVE']"
104,72,450,"(1360823.2500617504, 412204.2503179163)","['BENNINGTON AVE', 'FAIR OAKS ST']"
104,131,348,"(1360823.2500617504, 412204.2503179163)","['BENNINGTON AVE', 'FAIR OAKS ST']"
104,133,339,"(1360823.2500617504, 412204.2503179163)","['BENNINGTON AVE', 'FAIR OAKS ST']"
105,106,143,"(1355753.2500311732, 410710.00035367906)","['YARROW WAY', 'ISIS WAY']"
105,171,346,"(1355753.2500311732, 410710.00035367906)","['YARROW WAY', 'ISIS WAY']"
105,179,146,"(1355753.2500311732, 410710.00035367906)","['YARROW WAY', 'ISIS WAY']"
106,105,143,"(1355871.5001227558, 410631.5001825839)","['YARROW WAY', 'S BOUQUET CT', 'YARROW ST']"
106,139,128,"(1355871.5001227558, 410631.5001825839)","['YARROW WAY', 'S BOUQUET CT', 'YARROW ST']"
106,380,154,"(1355871.5001227558, 410631.5001825839)","['YARROW WAY', 'S BOUQUET CT', 'YARROW ST']"
107,7,2461,"(1359890.9999577552, 408074.00004824996)","['PANTHER HOLLOW RD', 'GREENFIELD RD', 'HOBART RD', 'BARTLETT RD']"
107,108,277,"(1359890.9999577552, 408074.00004824996)","['PANTHER HOLLOW RD', 'GREENFIELD RD', 'HOBART RD', 'BARTLETT RD']"
107,193,520,"(1359890.9999577552, 408074.00004824996)","['PANTHER HOLLOW RD', 'GREENFIELD RD', 'HOBART RD', 'BARTLETT RD']"
107,234,993,"(1359890.9999577552, 408074.00004824996)","['PANTHER HOLLOW RD', 'GREENFIELD RD', 'HOBART RD', 'BARTLETT RD']"
108,22,1846,"(1359616.499850586, 408040.00011625886)","['GREENFIELD RD', 'OVERLOOK DR']"
108,107,277,"(1359616.499850586, 408040.00011625886)","['GREENFIELD RD', 'OVERLOOK DR']"
108,279,6067,"(1359616.499850586, 408040.00011625886)","['GREENFIELD RD', 'OVERLOOK DR']"
109,14,45,"(1360205.2503135055, 410871.75003017485)","['PLAINFIELD ST', 'FORBES AVE']"
109,46,357,"(1360205.2503135055, 410871.75003017485)","['PLAINFIELD ST', 'FORBES AVE']"
109,110,593,"(1360205.2503135055, 410871.75003017485)","['PLAINFIELD ST', 'FORBES AVE']"
110,109,593,"(1359874.0003198385, 411364.2500294149)","['FORBES AVE', 'NORMLEE PL']"
110,134,352,"(1359874.0003198385, 411364.2500294149)","['FORBES AVE', 'NORMLEE PL']"
110,381,268,"(1359874.0003198385, 411364.2500294149)","['FORBES AVE', 'NORMLEE PL']"
111,59,259,"(1354673.2498945892, 411339.50007891655)","['SENNOTT ST', 'S BOUQUET ST']"
111,203,398,"(1354673.2498945892, 411339.50007891655)","['SENNOTT ST', 'S BOUQUET ST']"
111,266,306,"(1354673.2498945892, 411339.50007891655)","['SENNOTT ST', 'S BOUQUET ST']"
112,47,338,"(1361190.9999824166, 411256.99991583824)","['PLAINFIELD ST', 'BENNINGTON AVE']"
112,72,565,"(1361190.9999824166, 411256.99991583824)","['PLAINFIELD ST', 'BENNINGTON AVE']"
112,98,340,"(1361190.9999824166, 411256.99991583824)","['PLAINFIELD ST', 'BENNINGTON AVE']"
112,163,718,"(1361190.9999824166, 411256.99991583824)","['PLAINFIELD ST', 'BENNINGTON AVE']"
113,98,719,"(1361768.500139758, 410711.7500220835)","['INVERNESS AVE', 'NORTHUMBERLAND ST']"
113,114,668,"(1361768.500139758, 410711.7500220835)","['INVERNESS AVE', 'NORTHUMBERLAND ST']"
113,190,244,"(1361768.500139758, 410711.7500220835)","['INVERNESS AVE', 'NORTHUMBERLAND ST']"
114,94,385,"(1362393.749873504, 410946.74988016486)","['WIGHTMAN ST', 'NORTHUMBERLAND ST']"
114,113,668,"(1362393.749873504, 410946.74988016486)","['WIGHTMAN ST', 'NORTHUMBERLAND ST']"
114,164,502,"(1362393.749873504, 410946.74988016486)","['WIGHTMAN ST', 'NORTHUMBERLAND ST']"
114,382,187,"(1362393.749873504, 410946.74988016486)","['WIGHTMAN ST', 'NORTHUMBERLAND ST']"
115,47,359,"(1361003.250029847, 410800.9998435825)","['SQUIRREL HILL AVE', 'ALBEMARLE AVE']"
115,130,637,"(1361003.250029847, 410800.9998435825)","['SQUIRREL HILL AVE', 'ALBEMARLE AVE']"
115,159,362,"(1361003.250029847, 410800.9998435825)","['SQUIRREL HILL AVE', 'ALBEMARLE AVE']"
115,383,141,"(1361003.250029847, 410800.9998435825)","['SQUIRREL HILL AVE', 'ALBEMARLE AVE']"
116,117,81,"(1355487.9999055117, 409679.25011858344)","['DAWSON ST', 'ATWOOD ST']"
116,118,189,"(1355487.9999055117, 409679.25011858344)","['DAWSON ST', 'ATWOOD ST']"
116,216,279,"(1355487.9999055117, 409679.25011858344)","['DAWSON ST', 'ATWOOD ST']"
117,102,277,"(1355514.4998525083, 409756.2502926737)","['DAWSON ST', 'OAKLAND SQ']"
117,116,81,"(1355514.4998525083, 409756.2502926737)","['DAWSON ST', 'OAKLAND SQ']"
117,201,75,"(1355514.4998525083, 409756.2502926737)","['DAWSON ST', 'OAKLAND SQ']"
118,116,189,"(1355359.500162512, 409818.749839589)","['ATWOOD ST', 'CABLE PL']"
118,173,397,"(1355359.500162512, 409818.749839589)","['ATWOOD ST', 'CABLE PL']"
118,202,138,"(1355359.500162512, 409818.749839589)","['ATWOOD ST', 'CABLE PL']"
119,384,424,"(1357984.0214882642, 413091.9276764244)","['DEVONSHIRE RD', 'BORDER']"
120,385,485,"(1359556.1203781664, 413079.95230667293)","['CARRIAGE RD', 'BORDER']"
121,122,320,"(1354249.1346010864, 407397.86852650344)","['WAKEFIELD ST', 'BORDER']"
122,121,320,"(1354398.7501155138, 407248.7503864169)","['WAKEFIELD ST', 'WARD ST']"
122,254,121,"(1354398.7501155138, 407248.7503864169)","['WAKEFIELD ST', 'WARD ST']"
122,386,158,"(1354398.7501155138, 407248.7503864169)","['WAKEFIELD ST', 'WARD ST']"
123,3,305,"(1357305.749878928, 409045.50007376075)","['OVERLOOK DR', 'BLVD OF THE ALLIES']"
123,17,400,"(1357305.749878928, 409045.50007376075)","['OVERLOOK DR', 'BLVD OF THE ALLIES']"
123,214,255,"(1357305.749878928, 409045.50007376075)","['OVERLOOK DR', 'BLVD OF THE ALLIES']"
124,306,1370,"(1355942.4999807626, 409304.7498833388)","['JUNO ST', 'BOUNDARY ST']"
124,387,432,"(1355942.4999807626, 409304.7498833388)","['JUNO ST', 'BOUNDARY ST']"
125,23,217,"(1355377.5001265109, 410800.2498450875)","['PIER ST', 'S BOUQUET ST']"
125,43,134,"(1355377.5001265109, 410800.2498450875)","['PIER ST', 'S BOUQUET ST']"
125,140,259,"(1355377.5001265109, 410800.2498450875)","['PIER ST', 'S BOUQUET ST']"
126,1,238,"(1362387.500214085, 409903.9999971688)","['WIGHTMAN ST', 'FORBES AVE']"
126,92,232,"(1362387.500214085, 409903.9999971688)","['WIGHTMAN ST', 'FORBES AVE']"
126,165,844,"(1362387.500214085, 409903.9999971688)","['WIGHTMAN ST', 'FORBES AVE']"
126,388,987,"(1362387.500214085, 409903.9999971688)","['WIGHTMAN ST', 'FORBES AVE']"
127,84,209,"(1356562.163111508, 413102.7586915046)","['S CRAIG ST', 'BORDER']"
128,67,326,"(1354480.4999520034, 412893.25025226176)","['PARKMAN AVE', 'BIGELOW BLVD', 'OHARA ST']"
128,129,131,"(1354480.4999520034, 412893.25025226176)","['PARKMAN AVE', 'BIGELOW BLVD', 'OHARA ST']"
128,192,647,"(1354480.4999520034, 412893.25025226176)","['PARKMAN AVE', 'BIGELOW BLVD', 'OHARA ST']"
128,209,342,"(1354480.4999520034, 412893.25025226176)","['PARKMAN AVE', 'BIGELOW BLVD', 'OHARA ST']"
129,128,131,"(1354393.5001260042, 412991.2500562519)","['PARKMAN AVE', 'UNIVERSITY A DR']"
129,389,659,"(1354393.5001260042, 412991.2500562519)","['PARKMAN AVE', 'UNIVERSITY A DR']"
129,390,911,"(1354393.5001260042, 412991.2500562519)","['PARKMAN AVE', 'UNIVERSITY A DR']"
130,14,317,"(1360408.750234589, 410570.49997650087)","['FORBES AVE', 'ALBEMARLE AVE']"
130,115,637,"(1360408.750234589, 410570.49997650087)","['FORBES AVE', 'ALBEMARLE AVE']"
130,157,370,"(1360408.750234589, 410570.49997650087)","['FORBES AVE', 'ALBEMARLE AVE']"
131,71,198,"(1360506.5000390857, 412060.2499497533)","['FAIR OAKS ST', 'SQUIRREL HILL AVE']"
131,104,348,"(1360506.5000390857, 412060.2499497533)","['FAIR OAKS ST', 'SQUIRREL HILL AVE']"
131,135,436,"(1360506.5000390857, 412060.2499497533)","['FAIR OAKS ST', 'SQUIRREL HILL AVE']"
132,73,363,"(1361661.5000256747, 411968.00013425946)","['MAYNARD ST', 'MURDOCH RD']"
132,97,614,"(1361661.5000256747, 411968.00013425946)","['MAYNARD ST', 'MURDOCH RD']"
132,268,543,"(1361661.5000256747, 411968.00013425946)","['MAYNARD ST', 'MURDOCH RD']"
133,73,450,"(1361144.000076428, 412316.250093922)","['FAIR OAKS ST', 'INVERNESS AVE']"
133,104,339,"(1361144.000076428, 412316.250093922)","['FAIR OAKS ST', 'INVERNESS AVE']"
133,268,583,"(1361144.000076428, 412316.250093922)","['FAIR OAKS ST', 'INVERNESS AVE']"
134,70,259,"(1359677.0003857613, 411656.5001010895)","['MARGARET MORRISON ST', 'FORBES AVE']"
134,110,352,"(1359677.0003857613, 411656.5001010895)","['MARGARET MORRISON ST', 'FORBES AVE']"
134,176,308,"(1359677.0003857613, 411656.5001010895)","['MARGARET MORRISON ST', 'FORBES AVE']"
135,47,558,"(1360670.0000401735, 411656.00010208786)","['SQUIRREL HILL AVE', 'MAYNARD ST']"
135,72,337,"(1360670.0000401735, 411656.00010208786)","['SQUIRREL HILL AVE', 'MAYNARD ST']"
135,131,436,"(1360670.0000401735, 411656.00010208786)","['SQUIRREL HILL AVE', 'MAYNARD ST']"
136,78,93,"(1358384.7500175089, 410879.2500151694)","['TECH ST', 'FREW ST']"
136,137,503,"(1358384.7500175089, 410879.2500151694)","['TECH ST', 'FREW ST']"
136,138,1414,"(1358384.7500175089, 410879.2500151694)","['TECH ST', 'FREW ST']"
136,391,417,"(1358384.7500175089, 410879.2500151694)","['TECH ST', 'FREW ST']"
137,136,503,"(1358565.9999830872, 411348.0003900081)","['TECH ST', 'MARGARET MORRISON ST']"
137,332,380,"(1358565.9999830872, 411348.0003900081)","['TECH ST', 'MARGARET MORRISON ST']"
137,343,385,"(1358565.9999830872, 411348.0003900081)","['TECH ST', 'MARGARET MORRISON ST']"
138,10,411,"(1357033.8547534198, 411292.8167733401)","['FREW ST', 'HAMERSCHLAG DR']"
138,136,1414,"(1357033.8547534198, 411292.8167733401)","['FREW ST', 'HAMERSCHLAG DR']"
138,143,1978,"(1357033.8547534198, 411292.8167733401)","['FREW ST', 'HAMERSCHLAG DR']"
139,106,128,"(1355968.9999277592, 410710.00035367906)","['YARROW ST', 'BOUNDARY ST']"
139,180,46,"(1355968.9999277592, 410710.00035367906)","['YARROW ST', 'BOUNDARY ST']"
139,306,199,"(1355968.9999277592, 410710.00035367906)","['YARROW ST', 'BOUNDARY ST']"
140,125,259,"(1355171.999881342, 410959.0001837611)","['S BOUQUET ST', 'JONCAIRE ST']"
140,171,339,"(1355171.999881342, 410959.0001837611)","['S BOUQUET ST', 'JONCAIRE ST']"
140,203,228,"(1355171.999881342, 410959.0001837611)","['S BOUQUET ST', 'JONCAIRE ST']"
141,392,1278,"(1354245.479752764, 406918.18543075025)","['BATES ST TO I376 EB RAMP', 'BORDER']"
142,26,676,"(1356618.5005972534, 412379.49996742606)","['S CRAIG ST', 'FORBES AVE']"
142,89,305,"(1356618.5005972534, 412379.49996742606)","['S CRAIG ST', 'FORBES AVE']"
142,293,459,"(1356618.5005972534, 412379.49996742606)","['S CRAIG ST', 'FORBES AVE']"
143,86,245,"(1357191.4942019284, 412492.5246757567)","['S NEVILLE ST', 'HAMERSCHLAG DR']"
143,138,1978,"(1357191.4942019284, 412492.5246757567)","['S NEVILLE ST', 'HAMERSCHLAG DR']"
143,144,1891,"(1357191.4942019284, 412492.5246757567)","['S NEVILLE ST', 'HAMERSCHLAG DR']"
144,143,1891,"(1356167.249859333, 410921.4999306649)","['S NEVILLE ST', 'BOUNDARY ST', 'JONCAIRE ST']"
144,172,234,"(1356167.249859333, 410921.4999306649)","['S NEVILLE ST', 'BOUNDARY ST', 'JONCAIRE ST']"
144,180,243,"(1356167.249859333, 410921.4999306649)","['S NEVILLE ST', 'BOUNDARY ST', 'JONCAIRE ST']"
145,42,135,"(1355065.5000943393, 410516.50041258335)","['OAKLAND AVE', 'PIER ST']"
145,59,870,"(1355065.5000943393, 410516.50041258335)","['OAKLAND AVE', 'PIER ST']"
145,174,288,"(1355065.5000943393, 410516.50041258335)","['OAKLAND AVE', 'PIER ST']"
146,42,121,"(1355247.2500589192, 410516.00008550286)","['ERMINE WAY', 'FIBER WAY']"
146,147,170,"(1355247.2500589192, 410516.00008550286)","['ERMINE WAY', 'FIBER WAY']"
146,150,137,"(1355247.2500589192, 410516.00008550286)","['ERMINE WAY', 'FIBER WAY']"
147,43,95,"(1355354.2498449236, 410649.00047567487)","['FIBER WAY', 'ARGYLE WAY']"
147,146,170,"(1355354.2498449236, 410649.00047567487)","['FIBER WAY', 'ARGYLE WAY']"
147,151,139,"(1355354.2498449236, 410649.00047567487)","['FIBER WAY', 'ARGYLE WAY']"
148,149,400,"(1354273.671297431, 410618.14325392246)","['MEYRAN AVE', 'BORDER']"
149,148,400,"(1354360.2498644292, 410522.0000735074)","['MEYRAN AVE', 'LOUISA ST']"
149,166,192,"(1354360.2498644292, 410522.0000735074)","['MEYRAN AVE', 'LOUISA ST']"
149,199,835,"(1354360.2498644292, 410522.0000735074)","['MEYRAN AVE', 'LOUISA ST']"
149,281,134,"(1354360.2498644292, 410522.0000735074)","['MEYRAN AVE', 'LOUISA ST']"
150,146,137,"(1355339.499874428, 410414.00028949976)","['ERMINE WAY', 'BATES ST']"
150,151,193,"(1355339.499874428, 410414.00028949976)","['ERMINE WAY', 'BATES ST']"
150,174,154,"(1355339.499874428, 410414.00028949976)","['ERMINE WAY', 'BATES ST']"
151,23,137,"(1355463.749954, 410562.75032009184)","['BATES ST', 'ARGYLE WAY']"
151,147,139,"(1355463.749954, 410562.75032009184)","['BATES ST', 'ARGYLE WAY']"
151,150,193,"(1355463.749954, 410562.75032009184)","['BATES ST', 'ARGYLE WAY']"
152,11,226,"(1355030.2498367578, 409824.7504837513)","['URIE WAY', 'MELBA PL']"
152,275,257,"(1355030.2498367578, 409824.7504837513)","['URIE WAY', 'MELBA PL']"
152,393,101,"(1355030.2498367578, 409824.7504837513)","['URIE WAY', 'MELBA PL']"
153,154,250,"(1360765.250177756, 410035.50006225705)","['FORBES AVE', 'AYLESBORO AVE']"
153,157,272,"(1360765.250177756, 410035.50006225705)","['FORBES AVE', 'AYLESBORO AVE']"
153,161,806,"(1360765.250177756, 410035.50006225705)","['FORBES AVE', 'AYLESBORO AVE']"
154,153,250,"(1360889.0005864203, 409818.49984009564)","['FORBES AVE', 'SCHENLEY DR']"
154,155,263,"(1360889.0005864203, 409818.49984009564)","['FORBES AVE', 'SCHENLEY DR']"
154,165,656,"(1360889.0005864203, 409818.49984009564)","['FORBES AVE', 'SCHENLEY DR']"
155,78,2624,"(1360626.2501276731, 409826.50015217066)","['SCHENLEY DR', 'DARLINGTON RD']"
155,154,263,"(1360626.2501276731, 409826.50015217066)","['SCHENLEY DR', 'DARLINGTON RD']"
155,168,252,"(1360626.2501276731, 409826.50015217066)","['SCHENLEY DR', 'DARLINGTON RD']"
156,76,283,"(1359729.9999516755, 410471.0001755059)","['NORTHUMBERLAND ST', 'SCHENLEY RD']"
156,157,923,"(1359729.9999516755, 410471.0001755059)","['NORTHUMBERLAND ST', 'SCHENLEY RD']"
156,162,120,"(1359729.9999516755, 410471.0001755059)","['NORTHUMBERLAND ST', 'SCHENLEY RD']"
157,130,370,"(1360615.7504767627, 410262.99993534386)","['FORBES AVE', 'NORTHUMBERLAND ST']"
157,153,272,"(1360615.7504767627, 410262.99993534386)","['FORBES AVE', 'NORTHUMBERLAND ST']"
157,156,923,"(1360615.7504767627, 410262.99993534386)","['FORBES AVE', 'NORTHUMBERLAND ST']"
157,159,556,"(1360615.7504767627, 410262.99993534386)","['FORBES AVE', 'NORTHUMBERLAND ST']"
158,10,933,"(1357207.2500759214, 410290.4998803437)","['SCHENLEY DR', 'FRANK CURTO DR', 'PANTHER HOLLOW RD']"
158,49,937,"(1357207.2500759214, 410290.4998803437)","['SCHENLEY DR', 'FRANK CURTO DR', 'PANTHER HOLLOW RD']"
158,77,942,"(1357207.2500759214, 410290.4998803437)","['SCHENLEY DR', 'FRANK CURTO DR', 'PANTHER HOLLOW RD']"
158,242,400,"(1357207.2500759214, 410290.4998803437)","['SCHENLEY DR', 'FRANK CURTO DR', 'PANTHER HOLLOW RD']"
159,115,362,"(1361135.0000944287, 410463.2501910031)","['SQUIRREL HILL AVE', 'NORTHUMBERLAND ST']"
159,157,556,"(1361135.0000944287, 410463.2501910031)","['SQUIRREL HILL AVE', 'NORTHUMBERLAND ST']"
159,163,340,"(1361135.0000944287, 410463.2501910031)","['SQUIRREL HILL AVE', 'NORTHUMBERLAND ST']"
160,91,861,"(1361544.749931097, 410048.7500357628)","['KITTANNING WAY', 'MURDOCH RD']"
160,161,191,"(1361544.749931097, 410048.7500357628)","['KITTANNING WAY', 'MURDOCH RD']"
160,165,198,"(1361544.749931097, 410048.7500357628)","['KITTANNING WAY', 'MURDOCH RD']"
161,153,806,"(1361545.499929592, 410240.2499808371)","['AYLESBORO AVE', 'MURDOCH RD']"
161,160,191,"(1361545.499929592, 410240.2499808371)","['AYLESBORO AVE', 'MURDOCH RD']"
161,164,875,"(1361545.499929592, 410240.2499808371)","['AYLESBORO AVE', 'MURDOCH RD']"
161,190,382,"(1361545.499929592, 410240.2499808371)","['AYLESBORO AVE', 'MURDOCH RD']"
162,13,88,"(1359765.2498811781, 410586.2499449998)","['SCHENLEY RD', 'BORDER']"
162,156,120,"(1359765.2498811781, 410586.2499449998)","['SCHENLEY RD', 'BORDER']"
162,394,175,"(1359765.2498811781, 410586.2499449998)","['SCHENLEY RD', 'BORDER']"
163,112,718,"(1361451.7501170933, 410587.75027008355)","['BENNINGTON AVE', 'NORTHUMBERLAND ST']"
163,159,340,"(1361451.7501170933, 410587.75027008355)","['BENNINGTON AVE', 'NORTHUMBERLAND ST']"
163,190,95,"(1361451.7501170933, 410587.75027008355)","['BENNINGTON AVE', 'NORTHUMBERLAND ST']"
164,91,267,"(1362396.7498675138, 410444.2499009222)","['WIGHTMAN ST', 'AYLESBORO AVE']"
164,114,502,"(1362396.7498675138, 410444.2499009222)","['WIGHTMAN ST', 'AYLESBORO AVE']"
164,161,875,"(1362396.7498675138, 410444.2499009222)","['WIGHTMAN ST', 'AYLESBORO AVE']"
164,395,387,"(1362396.7498675138, 410444.2499009222)","['WIGHTMAN ST', 'AYLESBORO AVE']"
165,126,844,"(1361545.0002586693, 409850.500104174)","['FORBES AVE', 'MURDOCH RD']"
165,154,656,"(1361545.0002586693, 409850.500104174)","['FORBES AVE', 'MURDOCH RD']"
165,160,198,"(1361545.0002586693, 409850.500104174)","['FORBES AVE', 'MURDOCH RD']"
165,263,453,"(1361545.0002586693, 409850.500104174)","['FORBES AVE', 'MURDOCH RD']"
166,149,192,"(1354272.3448565006, 410444.0645338446)","['LOUISA ST', 'BORDER']"
167,9,371,"(1355479.9999215007, 411448.9998599291)","['SCHENLEY DR', 'ROBERTO CLEMENTE DR']"
167,197,574,"(1355479.9999215007, 411448.9998599291)","['SCHENLEY DR', 'ROBERTO CLEMENTE DR']"
167,203,634,"(1355479.9999215007, 411448.9998599291)","['SCHENLEY DR', 'ROBERTO CLEMENTE DR']"
168,44,273,"(1360651.7500766665, 409576.4999960065)","['DARLINGTON RD', 'DARLINGTON CT']"
168,155,252,"(1360651.7500766665, 409576.4999960065)","['DARLINGTON RD', 'DARLINGTON CT']"
168,288,518,"(1360651.7500766665, 409576.4999960065)","['DARLINGTON RD', 'DARLINGTON CT']"
169,21,176,"(1354642.999955088, 409566.7500155121)","['MCKEE PL', 'BATES ST']"
169,170,238,"(1354642.999955088, 409566.7500155121)","['MCKEE PL', 'BATES ST']"
169,225,290,"(1354642.999955088, 409566.7500155121)","['MCKEE PL', 'BATES ST']"
169,338,122,"(1354642.999955088, 409566.7500155121)","['MCKEE PL', 'BATES ST']"
170,11,135,"(1354794.7499796748, 409750.25030466914)","['BATES ST', 'SEMPLE ST']"
170,169,238,"(1354794.7499796748, 409750.25030466914)","['BATES ST', 'SEMPLE ST']"
170,199,196,"(1354794.7499796748, 409750.25030466914)","['BATES ST', 'SEMPLE ST']"
170,200,865,"(1354794.7499796748, 409750.25030466914)","['BATES ST', 'SEMPLE ST']"
171,105,346,"(1355511.7498580068, 410951.5001987517)","['JONCAIRE ST', 'YARROW WAY']"
171,140,339,"(1355511.7498580068, 410951.5001987517)","['JONCAIRE ST', 'YARROW WAY']"
171,172,422,"(1355511.7498580068, 410951.5001987517)","['JONCAIRE ST', 'YARROW WAY']"
172,144,234,"(1355933.7499982566, 410935.7499021739)","['JONCAIRE ST', 'ISIS WAY']"
172,171,422,"(1355933.7499982566, 410935.7499021739)","['JONCAIRE ST', 'ISIS WAY']"
172,179,142,"(1355933.7499982566, 410935.7499021739)","['JONCAIRE ST', 'ISIS WAY']"
173,74,791,"(1355093.2500388473, 410113.50023433566)","['ATWOOD ST', 'BATES ST']"
173,118,397,"(1355093.2500388473, 410113.50023433566)","['ATWOOD ST', 'BATES ST']"
173,174,233,"(1355093.2500388473, 410113.50023433566)","['ATWOOD ST', 'BATES ST']"
173,336,133,"(1355093.2500388473, 410113.50023433566)","['ATWOOD ST', 'BATES ST']"
174,145,288,"(1355241.2500709295, 410294.7498718351)","['OAKLAND AVE', 'BATES ST']"
174,150,154,"(1355241.2500709295, 410294.7498718351)","['OAKLAND AVE', 'BATES ST']"
174,173,233,"(1355241.2500709295, 410294.7498718351)","['OAKLAND AVE', 'BATES ST']"
174,274,482,"(1355241.2500709295, 410294.7498718351)","['OAKLAND AVE', 'BATES ST']"
175,68,299,"(1361963.000078842, 412602.4998494983)","['ANNETTE WAY', 'FAIR OAKS ST', 'KIPLING RD']"
175,100,485,"(1361963.000078842, 412602.4998494983)","['ANNETTE WAY', 'FAIR OAKS ST', 'KIPLING RD']"
175,183,831,"(1361963.000078842, 412602.4998494983)","['ANNETTE WAY', 'FAIR OAKS ST', 'KIPLING RD']"
175,277,226,"(1361963.000078842, 412602.4998494983)","['ANNETTE WAY', 'FAIR OAKS ST', 'KIPLING RD']"
176,134,308,"(1359505.7504001707, 411912.49991717935)","['TECHVIEW TER', 'FORBES AVE']"
176,269,246,"(1359505.7504001707, 411912.49991717935)","['TECHVIEW TER', 'FORBES AVE']"
176,396,542,"(1359505.7504001707, 411912.49991717935)","['TECHVIEW TER', 'FORBES AVE']"
177,76,453,"(1359662.7500861734, 410946.9998796731)","['GLADSTONE RD', 'BORDER']"
177,178,258,"(1359662.7500861734, 410946.9998796731)","['GLADSTONE RD', 'BORDER']"
178,177,724,"(1359855.0000297576, 411120.25018933415)","['GLADSTONE RD', 'BORDER']"
178,204,84,"(1359855.0000297576, 411120.25018933415)","['GLADSTONE RD', 'BORDER']"
179,105,146,"(1355845.8997802585, 410823.95649059117)","['ISIS WAY', 'BORDER']"
179,172,142,"(1355845.8997802585, 410823.95649059117)","['ISIS WAY', 'BORDER']"
180,139,46,"(1356000.6914654225, 410744.3900486678)","['BOUNDARY ST', 'BORDER']"
180,144,243,"(1356000.6914654225, 410744.3900486678)","['BOUNDARY ST', 'BORDER']"
181,37,184,"(1358222.000014931, 406842.0002156794)","['SALINE ST', 'LEVENE ST']"
181,38,655,"(1358222.000014931, 406842.0002156794)","['SALINE ST', 'LEVENE ST']"
181,294,938,"(1358222.000014931, 406842.0002156794)","['SALINE ST', 'LEVENE ST']"
182,67,652,"(1355152.99991934, 412624.0001345873)","['LYTTON AVE', '5TH AVE']"
182,81,295,"(1355152.99991934, 412624.0001345873)","['LYTTON AVE', '5TH AVE']"
182,192,317,"(1355152.99991934, 412624.0001345873)","['LYTTON AVE', '5TH AVE']"
183,175,831,"(1361554.6147407591, 413064.72924000025)","['KIPLING RD', 'BORDER']"
184,62,129,"(1355805.462853253, 409737.0200161785)","['PARKVIEW AVE', 'OAKLAND SQ']"
184,201,280,"(1355805.462853253, 409737.0200161785)","['PARKVIEW AVE', 'OAKLAND SQ']"
184,378,158,"(1355805.462853253, 409737.0200161785)","['PARKVIEW AVE', 'OAKLAND SQ']"
185,56,199,"(1356116.5540945977, 413106.1530416757)","['S DITHRIDGE ST', 'BORDER']"
186,187,106,"(1355228.3898604214, 407147.13051092625)","['PARKVIEW AVE', 'ORPWOOD ST']"
186,261,125,"(1355228.3898604214, 407147.13051092625)","['PARKVIEW AVE', 'ORPWOOD ST']"
186,397,868,"(1355228.3898604214, 407147.13051092625)","['PARKVIEW AVE', 'ORPWOOD ST']"
187,186,106,"(1355244.750063926, 407252.25037942827)","['PARKVIEW AVE', 'CHILDS ST']"
187,238,512,"(1355244.750063926, 407252.25037942827)","['PARKVIEW AVE', 'CHILDS ST']"
187,307,148,"(1355244.750063926, 407252.25037942827)","['PARKVIEW AVE', 'CHILDS ST']"
188,65,329,"(1355199.750153929, 408425.75032900274)","['DAWSON ST', 'BELGREEN PL']"
188,189,395,"(1355199.750153929, 408425.75032900274)","['DAWSON ST', 'BELGREEN PL']"
188,308,203,"(1355199.750153929, 408425.75032900274)","['DAWSON ST', 'BELGREEN PL']"
189,188,395,"(1354810.9999471754, 408499.74985292554)","['BELGREEN PL', 'WARD ST']"
189,230,200,"(1354810.9999471754, 408499.74985292554)","['BELGREEN PL', 'WARD ST']"
189,248,194,"(1354810.9999471754, 408499.74985292554)","['BELGREEN PL', 'WARD ST']"
190,113,244,"(1361540.4999395907, 410622.9998715073)","['NORTHUMBERLAND ST', 'MURDOCH RD']"
190,161,382,"(1361540.4999395907, 410622.9998715073)","['NORTHUMBERLAND ST', 'MURDOCH RD']"
190,163,95,"(1361540.4999395907, 410622.9998715073)","['NORTHUMBERLAND ST', 'MURDOCH RD']"
191,57,197,"(1356148.7498963475, 412653.00007659197)","['S DITHRIDGE ST', 'FILMORE ST']"
191,89,446,"(1356148.7498963475, 412653.00007659197)","['S DITHRIDGE ST', 'FILMORE ST']"
191,205,254,"(1356148.7498963475, 412653.00007659197)","['S DITHRIDGE ST', 'FILMORE ST']"
191,293,408,"(1356148.7498963475, 412653.00007659197)","['S DITHRIDGE ST', 'FILMORE ST']"
192,128,647,"(1354915.2500667572, 412413.9998984188)","['BIGELOW BLVD', '5TH AVE']"
192,182,317,"(1354915.2500667572, 412413.9998984188)","['BIGELOW BLVD', '5TH AVE']"
192,197,574,"(1354915.2500667572, 412413.9998984188)","['BIGELOW BLVD', '5TH AVE']"
192,280,343,"(1354915.2500667572, 412413.9998984188)","['BIGELOW BLVD', '5TH AVE']"
193,107,520,"(1360321.750080511, 407799.99994008243)","['HOBART RD', 'BEACON ST']"
193,194,1434,"(1360321.750080511, 407799.99994008243)","['HOBART RD', 'BEACON ST']"
193,240,526,"(1360321.750080511, 407799.99994008243)","['HOBART RD', 'BEACON ST']"
194,193,1434,"(1361554.999910593, 408360.7501309216)","['BEACON ST', 'MURDOCH RD']"
194,210,412,"(1361554.999910593, 408360.7501309216)","['BEACON ST', 'MURDOCH RD']"
194,236,307,"(1361554.999910593, 408360.7501309216)","['BEACON ST', 'MURDOCH RD']"
194,252,277,"(1361554.999910593, 408360.7501309216)","['BEACON ST', 'MURDOCH RD']"
195,49,612,"(1356376.2500975132, 410449.000219509)","['FREW ST', 'BORDER']"
196,21,726,"(1354268.8524094224, 409985.7121040821)","['MCKEE PL', 'BORDER']"
197,167,574,"(1355246.2503890097, 411952.7498366684)","['FORBES AVE', 'SCHENLEY DR', 'BIGELOW BLVD']"
197,192,574,"(1355246.2503890097, 411952.7498366684)","['FORBES AVE', 'SCHENLEY DR', 'BIGELOW BLVD']"
197,198,413,"(1355246.2503890097, 411952.7498366684)","['FORBES AVE', 'SCHENLEY DR', 'BIGELOW BLVD']"
197,266,940,"(1355246.2503890097, 411952.7498366684)","['FORBES AVE', 'SCHENLEY DR', 'BIGELOW BLVD']"
198,9,432,"(1355641.5005827546, 412074.249921754)","['FORBES AVE', 'SCHENLEY DR EXT']"
198,197,413,"(1355641.5005827546, 412074.249921754)","['FORBES AVE', 'SCHENLEY DR EXT']"
198,303,411,"(1355641.5005827546, 412074.249921754)","['FORBES AVE', 'SCHENLEY DR EXT']"
199,149,835,"(1354920.2500567585, 409901.75000166893)","['MEYRAN AVE', 'BATES ST']"
199,170,196,"(1354920.2500567585, 409901.75000166893)","['MEYRAN AVE', 'BATES ST']"
199,336,139,"(1354920.2500567585, 409901.75000166893)","['MEYRAN AVE', 'BATES ST']"
200,170,865,"(1354271.4911836684, 410332.01784192026)","['SEMPLE ST', 'BORDER']"
201,117,75,"(1355539.6172563434, 409827.7508058399)","['DAWSON ST', 'OAKLAND SQ']"
201,184,280,"(1355539.6172563434, 409827.7508058399)","['DAWSON ST', 'OAKLAND SQ']"
201,274,150,"(1355539.6172563434, 409827.7508058399)","['DAWSON ST', 'OAKLAND SQ']"
202,118,138,"(1355269.5000144243, 409713.0000510961)","['CABLE PL', 'CABLE WAY']"
202,212,305,"(1355269.5000144243, 409713.0000510961)","['CABLE PL', 'CABLE WAY']"
202,275,86,"(1355269.5000144243, 409713.0000510961)","['CABLE PL', 'CABLE WAY']"
203,111,398,"(1354990.7499157637, 411098.2502333373)","['S BOUQUET ST', 'ROBERTO CLEMENTE DR']"
203,140,228,"(1354990.7499157637, 411098.2502333373)","['S BOUQUET ST', 'ROBERTO CLEMENTE DR']"
203,167,634,"(1354990.7499157637, 411098.2502333373)","['S BOUQUET ST', 'ROBERTO CLEMENTE DR']"
204,178,84,"(1359907.2499252558, 411053.4999947548)","['GLADSTONE RD', 'BORDER']"
205,191,254,"(1355895.7500742525, 412630.5001215935)","['FILMORE ST', 'S BELLEFIELD AVE']"
205,206,539,"(1355895.7500742525, 412630.5001215935)","['FILMORE ST', 'S BELLEFIELD AVE']"
205,303,451,"(1355895.7500742525, 412630.5001215935)","['FILMORE ST', 'S BELLEFIELD AVE']"
206,205,539,"(1355742.114226669, 413109.0050700903)","['S BELLEFIELD AVE', 'BORDER']"
207,323,702,"(1360881.7499447614, 413059.249920249)","['DUNMOYLE ST', 'WILKINS AVE']"
207,339,594,"(1360881.7499447614, 413059.249920249)","['DUNMOYLE ST', 'WILKINS AVE']"
207,398,645,"(1360881.7499447614, 413059.249920249)","['DUNMOYLE ST', 'WILKINS AVE']"
208,54,202,"(1356282.9999559224, 413064.50023783743)","['HENRY ST', 'VANCE WAY']"
208,56,163,"(1356282.9999559224, 413064.50023783743)","['HENRY ST', 'VANCE WAY']"
208,84,281,"(1356282.9999559224, 413064.50023783743)","['HENRY ST', 'VANCE WAY']"
209,128,342,"(1354289.6784832627, 412718.9832123369)","['OHARA ST', 'BORDER']"
210,194,412,"(1361964.0000768453, 408414.750022918)","['BEACON ST', 'WENDOVER ST']"
210,211,421,"(1361964.0000768453, 408414.750022918)","['BEACON ST', 'WENDOVER ST']"
210,250,276,"(1361964.0000768453, 408414.750022918)","['BEACON ST', 'WENDOVER ST']"
211,210,421,"(1362380.999899, 408475.5002295077)","['BEACON ST', 'WIGHTMAN ST']"
211,233,550,"(1362380.999899, 408475.5002295077)","['BEACON ST', 'WIGHTMAN ST']"
211,237,309,"(1362380.999899, 408475.5002295077)","['BEACON ST', 'WIGHTMAN ST']"
211,399,602,"(1362380.999899, 408475.5002295077)","['BEACON ST', 'WIGHTMAN ST']"
212,202,305,"(1355265.5000224262, 409441.9999369234)","['CABLE WAY', 'SEMPLE ST']"
212,213,182,"(1355265.5000224262, 409441.9999369234)","['CABLE WAY', 'SEMPLE ST']"
212,216,138,"(1355265.5000224262, 409441.9999369234)","['CABLE WAY', 'SEMPLE ST']"
213,19,84,"(1355086.7500518411, 409476.74986742437)","['SEMPLE ST', 'CABLE PL']"
213,212,182,"(1355086.7500518411, 409476.74986742437)","['SEMPLE ST', 'CABLE PL']"
213,275,213,"(1355086.7500518411, 409476.74986742437)","['SEMPLE ST', 'CABLE PL']"
214,3,351,"(1357534.5000775903, 408940.99995467067)","['BLVD OF THE ALLIES', 'PANTHER HOLLOW RD']"
214,7,119,"(1357534.5000775903, 408940.99995467067)","['BLVD OF THE ALLIES', 'PANTHER HOLLOW RD']"
214,123,255,"(1357534.5000775903, 408940.99995467067)","['BLVD OF THE ALLIES', 'PANTHER HOLLOW RD']"
215,51,382,"(1354686.9998670965, 409312.9998668432)","['WELSFORD ST', 'ZULEMA ST']"
215,225,223,"(1354686.9998670965, 409312.9998668432)","['WELSFORD ST', 'ZULEMA ST']"
215,278,62,"(1354686.9998670965, 409312.9998668432)","['WELSFORD ST', 'ZULEMA ST']"
216,65,679,"(1355400.7500800043, 409414.2503205091)","['DAWSON ST', 'SEMPLE ST']"
216,116,279,"(1355400.7500800043, 409414.2503205091)","['DAWSON ST', 'SEMPLE ST']"
216,212,138,"(1355400.7500800043, 409414.2503205091)","['DAWSON ST', 'SEMPLE ST']"
216,276,136,"(1355400.7500800043, 409414.2503205091)","['DAWSON ST', 'SEMPLE ST']"
217,218,273,"(1361967.5000698417, 407873.5004492551)","['HOBART ST', 'WENDOVER ST']"
217,250,265,"(1361967.5000698417, 407873.5004492551)","['HOBART ST', 'WENDOVER ST']"
217,251,139,"(1361967.5000698417, 407873.5004492551)","['HOBART ST', 'WENDOVER ST']"
218,217,273,"(1362238.749855429, 407907.50005316734)","['HOBART ST', 'YESHIVA WAY']"
218,219,293,"(1362238.749855429, 407907.50005316734)","['HOBART ST', 'YESHIVA WAY']"
218,233,143,"(1362238.749855429, 407907.50005316734)","['HOBART ST', 'YESHIVA WAY']"
219,218,293,"(1362240.4998519272, 407614.4999830127)","['YESHIVA WAY', 'COVODE ST']"
219,220,145,"(1362240.4998519272, 407614.4999830127)","['YESHIVA WAY', 'COVODE ST']"
219,311,688,"(1362240.4998519272, 407614.4999830127)","['YESHIVA WAY', 'COVODE ST']"
220,219,145,"(1362384.4998920113, 407634.0002720952)","['COVODE ST', 'WIGHTMAN ST']"
220,258,287,"(1362384.4998920113, 407634.0002720952)","['COVODE ST', 'WIGHTMAN ST']"
220,289,36,"(1362384.4998920113, 407634.0002720952)","['COVODE ST', 'WIGHTMAN ST']"
221,222,233,"(1354257.250070423, 407762.2503436655)","['FRAZIER ST', 'JULIET ST']"
221,224,595,"(1354257.250070423, 407762.2503436655)","['FRAZIER ST', 'JULIET ST']"
221,309,203,"(1354257.250070423, 407762.2503436655)","['FRAZIER ST', 'JULIET ST']"
222,221,233,"(1354423.0000670105, 407597.7500165105)","['FRAZIER ST', 'HARDIE WAY']"
222,249,724,"(1354423.0000670105, 407597.7500165105)","['FRAZIER ST', 'HARDIE WAY']"
222,255,243,"(1354423.0000670105, 407597.7500165105)","['FRAZIER ST', 'HARDIE WAY']"
223,224,157,"(1354256.5404261798, 408369.85378725827)","['CATO ST', 'BORDER']"
224,221,595,"(1354375.250162512, 408346.25015991926)","['JULIET ST', 'CATO ST']"
224,223,157,"(1354375.250162512, 408346.25015991926)","['JULIET ST', 'CATO ST']"
224,249,197,"(1354375.250162512, 408346.25015991926)","['JULIET ST', 'CATO ST']"
224,259,322,"(1354375.250162512, 408346.25015991926)","['JULIET ST', 'CATO ST']"
225,41,88,"(1354465.249982506, 409337.75014542043)","['ZULEMA ST', 'BATES ST']"
225,169,290,"(1354465.249982506, 409337.75014542043)","['ZULEMA ST', 'BATES ST']"
225,215,223,"(1354465.249982506, 409337.75014542043)","['ZULEMA ST', 'BATES ST']"
225,298,75,"(1354465.249982506, 409337.75014542043)","['ZULEMA ST', 'BATES ST']"
226,227,100,"(1354861.999845177, 409292.5002359152)","['ZULEMA ST', 'MCKEE PL']"
226,278,114,"(1354861.999845177, 409292.5002359152)","['ZULEMA ST', 'MCKEE PL']"
226,338,234,"(1354861.999845177, 409292.5002359152)","['ZULEMA ST', 'MCKEE PL']"
227,19,217,"(1354961.749973759, 409279.99993284047)","['WARD ST', 'ZULEMA ST']"
227,64,455,"(1354961.749973759, 409279.99993284047)","['WARD ST', 'ZULEMA ST']"
227,226,100,"(1354961.749973759, 409279.99993284047)","['WARD ST', 'ZULEMA ST']"
228,229,146,"(1355579.5000505894, 408186.50047941506)","['EDGEHILL ST', 'COLLINSON PL']"
228,239,453,"(1355579.5000505894, 408186.50047941506)","['EDGEHILL ST', 'COLLINSON PL']"
228,400,99,"(1355579.5000505894, 408186.50047941506)","['EDGEHILL ST', 'COLLINSON PL']"
229,228,146,"(1355437.0000075102, 408218.75041492283)","['COLLINSON PL', 'PARKVIEW AVE']"
229,231,482,"(1355437.0000075102, 408218.75041492283)","['COLLINSON PL', 'PARKVIEW AVE']"
229,238,472,"(1355437.0000075102, 408218.75041492283)","['COLLINSON PL', 'PARKVIEW AVE']"
230,34,199,"(1354850.249868676, 408696.5001155883)","['THORA WAY', 'WARD ST']"
230,64,138,"(1354850.249868676, 408696.5001155883)","['THORA WAY', 'WARD ST']"
230,189,200,"(1354850.249868676, 408696.5001155883)","['THORA WAY', 'WARD ST']"
231,65,276,"(1355535.750138089, 408691.500125587)","['BLVD OF THE ALLIES', 'PARKVIEW AVE']"
231,229,482,"(1355535.750138089, 408691.500125587)","['BLVD OF THE ALLIES', 'PARKVIEW AVE']"
231,232,670,"(1355535.750138089, 408691.500125587)","['BLVD OF THE ALLIES', 'PARKVIEW AVE']"
231,264,147,"(1355535.750138089, 408691.500125587)","['BLVD OF THE ALLIES', 'PARKVIEW AVE']"
232,101,204,"(1355668.2498730868, 409349.25012242794)","['PARKVIEW AVE', 'SEMPLE ST']"
232,231,670,"(1355668.2498730868, 409349.25012242794)","['PARKVIEW AVE', 'SEMPLE ST']"
232,276,140,"(1355668.2498730868, 409349.25012242794)","['PARKVIEW AVE', 'SEMPLE ST']"
233,211,550,"(1362381.2498985082, 407924.75001867115)","['WIGHTMAN ST', 'HOBART ST']"
233,218,143,"(1362381.2498985082, 407924.75001867115)","['WIGHTMAN ST', 'HOBART ST']"
233,289,254,"(1362381.2498985082, 407924.75001867115)","['WIGHTMAN ST', 'HOBART ST']"
233,401,1449,"(1362381.2498985082, 407924.75001867115)","['WIGHTMAN ST', 'HOBART ST']"
234,107,993,"(1360678.1827665865, 408569.01710283756)","['BARTLETT RD', 'BARTLETT ST', 'SERPENTINE DR']"
234,235,955,"(1360678.1827665865, 408569.01710283756)","['BARTLETT RD', 'BARTLETT ST', 'SERPENTINE DR']"
234,271,1400,"(1360678.1827665865, 408569.01710283756)","['BARTLETT RD', 'BARTLETT ST', 'SERPENTINE DR']"
235,234,955,"(1361550.249920085, 408954.9999266714)","['BARTLETT ST', 'MURDOCH RD']"
235,236,286,"(1361550.249920085, 408954.9999266714)","['BARTLETT ST', 'MURDOCH RD']"
235,262,836,"(1361550.249920085, 408954.9999266714)","['BARTLETT ST', 'MURDOCH RD']"
235,263,442,"(1361550.249920085, 408954.9999266714)","['BARTLETT ST', 'MURDOCH RD']"
236,194,307,"(1361552.499915585, 408668.5001715869)","['MURDOCH RD', 'RALEIGH ST']"
236,235,286,"(1361552.499915585, 408668.5001715869)","['MURDOCH RD', 'RALEIGH ST']"
236,237,836,"(1361552.499915585, 408668.5001715869)","['MURDOCH RD', 'RALEIGH ST']"
237,211,309,"(1362380.4999000132, 408785.2499380857)","['RALEIGH ST', 'WIGHTMAN ST']"
237,236,836,"(1362380.4999000132, 408785.2499380857)","['RALEIGH ST', 'WIGHTMAN ST']"
237,262,285,"(1362380.4999000132, 408785.2499380857)","['RALEIGH ST', 'WIGHTMAN ST']"
238,187,512,"(1355343.9998654276, 407755.50035716593)","['PARKVIEW AVE', 'SWINBURNE ST']"
238,229,472,"(1355343.9998654276, 407755.50035716593)","['PARKVIEW AVE', 'SWINBURNE ST']"
238,239,148,"(1355343.9998654276, 407755.50035716593)","['PARKVIEW AVE', 'SWINBURNE ST']"
238,330,269,"(1355343.9998654276, 407755.50035716593)","['PARKVIEW AVE', 'SWINBURNE ST']"
239,228,453,"(1355491.9998975098, 407742.00005608797)","['SWINBURNE ST', 'CHILDS ST', 'EDGEHILL ST']"
239,238,148,"(1355491.9998975098, 407742.00005608797)","['SWINBURNE ST', 'CHILDS ST', 'EDGEHILL ST']"
239,307,538,"(1355491.9998975098, 407742.00005608797)","['SWINBURNE ST', 'CHILDS ST', 'EDGEHILL ST']"
239,319,560,"(1355491.9998975098, 407742.00005608797)","['SWINBURNE ST', 'CHILDS ST', 'EDGEHILL ST']"
240,193,526,"(1360840.2500277609, 407733.7504006773)","['HOBART RD', 'PROSPECT DR']"
240,241,116,"(1360840.2500277609, 407733.7504006773)","['HOBART RD', 'PROSPECT DR']"
240,253,1185,"(1360840.2500277609, 407733.7504006773)","['HOBART RD', 'PROSPECT DR']"
241,240,116,"(1360956.2501238436, 407745.5000490844)","['HOBART RD', 'HOBART ST', 'GUARINO RD', 'HYDIN RD']"
241,243,281,"(1360956.2501238436, 407745.5000490844)","['HOBART RD', 'HOBART ST', 'GUARINO RD', 'HYDIN RD']"
241,252,885,"(1360956.2501238436, 407745.5000490844)","['HOBART RD', 'HOBART ST', 'GUARINO RD', 'HYDIN RD']"
241,402,214,"(1360956.2501238436, 407745.5000490844)","['HOBART RD', 'HOBART ST', 'GUARINO RD', 'HYDIN RD']"
242,18,575,"(1356993.9998462498, 409971.9998611659)","['PANTHER HOLLOW BRG', 'PANTHER HOLLOW RD']"
242,158,400,"(1356993.9998462498, 409971.9998611659)","['PANTHER HOLLOW BRG', 'PANTHER HOLLOW RD']"
243,241,281,"(1361235.7498929203, 407781.24997758865)","['HOBART ST', 'LEATH WAY']"
243,244,321,"(1361235.7498929203, 407781.24997758865)","['HOBART ST', 'LEATH WAY']"
243,272,492,"(1361235.7498929203, 407781.24997758865)","['HOBART ST', 'LEATH WAY']"
244,243,321,"(1361554.7499110848, 407822.24989558756)","['HOBART ST', 'MURDOCH RD']"
244,251,276,"(1361554.7499110848, 407822.24989558756)","['HOBART ST', 'MURDOCH RD']"
244,252,261,"(1361554.7499110848, 407822.24989558756)","['HOBART ST', 'MURDOCH RD']"
244,272,155,"(1361554.7499110848, 407822.24989558756)","['HOBART ST', 'MURDOCH RD']"
245,5,171,"(1355057.500110343, 406954.2499911785)","['FRAZIER ST', 'PARKVIEW AVE']"
245,246,155,"(1355057.500110343, 406954.2499911785)","['FRAZIER ST', 'PARKVIEW AVE']"
245,261,134,"(1355057.500110343, 406954.2499911785)","['FRAZIER ST', 'PARKVIEW AVE']"
246,245,155,"(1355166.499892339, 406842.9998855889)","['FRAZIER ST', 'BOHEM ST']"
246,403,295,"(1355166.499892339, 406842.9998855889)","['FRAZIER ST', 'BOHEM ST']"
246,404,337,"(1355166.499892339, 406842.9998855889)","['FRAZIER ST', 'BOHEM ST']"
247,17,424,"(1356542.7500925958, 408786.2502641678)","['BLVD OF THE ALLIES', 'BORDER']"
247,264,866,"(1356542.7500925958, 408786.2502641678)","['BLVD OF THE ALLIES', 'BORDER']"
248,16,41,"(1354773.0000231713, 408308.50023542345)","['WARD ST', 'EDITH PL']"
248,189,194,"(1354773.0000231713, 408308.50023542345)","['WARD ST', 'EDITH PL']"
248,308,397,"(1354773.0000231713, 408308.50023542345)","['WARD ST', 'EDITH PL']"
249,16,200,"(1354568.7501035929, 408307.49990934134)","['HARDIE WAY', 'CATO ST']"
249,222,724,"(1354568.7501035929, 408307.49990934134)","['HARDIE WAY', 'CATO ST']"
249,224,197,"(1354568.7501035929, 408307.49990934134)","['HARDIE WAY', 'CATO ST']"
249,260,324,"(1354568.7501035929, 408307.49990934134)","['HARDIE WAY', 'CATO ST']"
250,210,276,"(1361965.7500733435, 408138.4999192506)","['WENDOVER ST', 'KAMIN ST']"
250,217,265,"(1361965.7500733435, 408138.4999192506)","['WENDOVER ST', 'KAMIN ST']"
250,252,414,"(1361965.7500733435, 408138.4999192506)","['WENDOVER ST', 'KAMIN ST']"
251,217,139,"(1361829.250018254, 407856.5001551658)","['HOBART ST', 'WENDOVER PL']"
251,244,276,"(1361829.250018254, 407856.5001551658)","['HOBART ST', 'WENDOVER PL']"
251,405,109,"(1361829.250018254, 407856.5001551658)","['HOBART ST', 'WENDOVER PL']"
252,194,277,"(1361554.7499110848, 408083.2503578365)","['MURDOCH RD', 'GUARINO RD', 'KAMIN ST']"
252,241,885,"(1361554.7499110848, 408083.2503578365)","['MURDOCH RD', 'GUARINO RD', 'KAMIN ST']"
252,244,261,"(1361554.7499110848, 408083.2503578365)","['MURDOCH RD', 'GUARINO RD', 'KAMIN ST']"
252,250,414,"(1361554.7499110848, 408083.2503578365)","['MURDOCH RD', 'GUARINO RD', 'KAMIN ST']"
253,240,1185,"(1359789.5001607537, 407536.0001400113)","['PROSPECT DR', 'BORDER']"
253,256,242,"(1359789.5001607537, 407536.0001400113)","['PROSPECT DR', 'BORDER']"
254,122,121,"(1354491.9999290109, 407327.0002299249)","['WARD ST', 'WHITNEY ST']"
254,255,141,"(1354491.9999290109, 407327.0002299249)","['WARD ST', 'WHITNEY ST']"
254,296,185,"(1354491.9999290109, 407327.0002299249)","['WARD ST', 'WHITNEY ST']"
254,316,274,"(1354491.9999290109, 407327.0002299249)","['WARD ST', 'WHITNEY ST']"
255,222,243,"(1354594.7500515878, 407424.7500344217)","['FRAZIER ST', 'WARD ST']"
255,254,141,"(1354594.7500515878, 407424.7500344217)","['FRAZIER ST', 'WARD ST']"
255,314,271,"(1354594.7500515878, 407424.7500344217)","['FRAZIER ST', 'WARD ST']"
255,331,303,"(1354594.7500515878, 407424.7500344217)","['FRAZIER ST', 'WARD ST']"
256,253,242,"(1359572.999937594, 407440.25000342727)","['PROSPECT DR', 'BORDER']"
257,53,940,"(1361721.2499061674, 407253.500048846)","['POCUSSET ST', 'PHILLIPS AVE']"
257,258,671,"(1361721.2499061674, 407253.500048846)","['POCUSSET ST', 'PHILLIPS AVE']"
257,270,890,"(1361721.2499061674, 407253.500048846)","['POCUSSET ST', 'PHILLIPS AVE']"
258,220,287,"(1362385.749889508, 407346.99986183643)","['WIGHTMAN ST', 'PHILLIPS AVE']"
258,257,671,"(1362385.749889508, 407346.99986183643)","['WIGHTMAN ST', 'PHILLIPS AVE']"
258,285,324,"(1362385.749889508, 407346.99986183643)","['WIGHTMAN ST', 'PHILLIPS AVE']"
258,406,947,"(1362385.749889508, 407346.99986183643)","['WIGHTMAN ST', 'PHILLIPS AVE']"
259,33,153,"(1354436.5000400096, 408662.99985450506)","['JULIET ST', 'VIRGILA PL']"
259,224,322,"(1354436.5000400096, 408662.99985450506)","['JULIET ST', 'VIRGILA PL']"
259,260,198,"(1354436.5000400096, 408662.99985450506)","['JULIET ST', 'VIRGILA PL']"
260,34,114,"(1354631.249978587, 408626.25025609136)","['HARDIE WAY', 'VIRGILA PL']"
260,249,324,"(1354631.249978587, 408626.25025609136)","['HARDIE WAY', 'VIRGILA PL']"
260,259,198,"(1354631.249978587, 408626.25025609136)","['HARDIE WAY', 'VIRGILA PL']"
261,186,125,"(1355150.2499248385, 407052.2504513413)","['PARKVIEW AVE', 'WOLF WAY']"
261,245,134,"(1355150.2499248385, 407052.2504513413)","['PARKVIEW AVE', 'WOLF WAY']"
261,407,572,"(1355150.2499248385, 407052.2504513413)","['PARKVIEW AVE', 'WOLF WAY']"
262,2,375,"(1362378.7499035, 409071.0000227541)","['WIGHTMAN ST', 'BARTLETT ST']"
262,235,836,"(1362378.7499035, 409071.0000227541)","['WIGHTMAN ST', 'BARTLETT ST']"
262,237,285,"(1362378.7499035, 409071.0000227541)","['WIGHTMAN ST', 'BARTLETT ST']"
262,408,175,"(1362378.7499035, 409071.0000227541)","['WIGHTMAN ST', 'BARTLETT ST']"
263,2,830,"(1361547.4999255836, 409397.00035500526)","['MURDOCH RD', 'DARLINGTON RD']"
263,165,453,"(1361547.4999255836, 409397.00035500526)","['MURDOCH RD', 'DARLINGTON RD']"
263,235,442,"(1361547.4999255836, 409397.00035500526)","['MURDOCH RD', 'DARLINGTON RD']"
263,288,880,"(1361547.4999255836, 409397.00035500526)","['MURDOCH RD', 'DARLINGTON RD']"
264,231,147,"(1355682.2498450875, 408683.25047017634)","['BLVD OF THE ALLIES', 'BORDER']"
264,247,866,"(1355682.2498450875, 408683.25047017634)","['BLVD OF THE ALLIES', 'BORDER']"
265,266,345,"(1354281.4819773436, 411643.2340515107)","['S BOUQUET ST', 'BORDER']"
266,111,306,"(1354430.0003810972, 411526.2500335127)","['S BOUQUET ST', 'FORBES AVE']"
266,197,940,"(1354430.0003810972, 411526.2500335127)","['S BOUQUET ST', 'FORBES AVE']"
266,265,345,"(1354430.0003810972, 411526.2500335127)","['S BOUQUET ST', 'FORBES AVE']"
266,328,204,"(1354430.0003810972, 411526.2500335127)","['S BOUQUET ST', 'FORBES AVE']"
267,59,305,"(1354279.5397240072, 411388.32117550075)","['OAKLAND AVE', 'BORDER']"
268,132,543,"(1361694.4999596775, 412509.50003550947)","['FAIR OAKS ST', 'MURDOCH RD']"
268,133,583,"(1361694.4999596775, 412509.50003550947)","['FAIR OAKS ST', 'MURDOCH RD']"
268,277,58,"(1361694.4999596775, 412509.50003550947)","['FAIR OAKS ST', 'MURDOCH RD']"
269,176,246,"(1359356.5003705919, 412107.99985425174)","['FORBES AVE', 'BEELER ST']"
269,286,521,"(1359356.5003705919, 412107.99985425174)","['FORBES AVE', 'BEELER ST']"
269,292,704,"(1359356.5003705919, 412107.99985425174)","['FORBES AVE', 'BEELER ST']"
270,257,890,"(1362383.499894008, 406715.2501410842)","['POCUSSET ST', 'WIGHTMAN ST']"
270,285,307,"(1362383.499894008, 406715.2501410842)","['POCUSSET ST', 'WIGHTMAN ST']"
270,409,1119,"(1362383.499894008, 406715.2501410842)","['POCUSSET ST', 'WIGHTMAN ST']"
271,234,1400,"(1360337.50004901, 408815.9998765886)","['SERPENTINE DR', 'E CIRCUIT RD']"
271,287,2597,"(1360337.50004901, 408815.9998765886)","['SERPENTINE DR', 'E CIRCUIT RD']"
271,288,504,"(1360337.50004901, 408815.9998765886)","['SERPENTINE DR', 'E CIRCUIT RD']"
272,243,492,"(1361546.9999265969, 407666.7502065897)","['MURDOCH RD', 'LEATH WAY']"
272,244,155,"(1361546.9999265969, 407666.7502065897)","['MURDOCH RD', 'LEATH WAY']"
272,311,139,"(1361546.9999265969, 407666.7502065897)","['MURDOCH RD', 'LEATH WAY']"
273,63,153,"(1355768.5000006706, 410054.00002525747)","['JET WAY', 'BORDER']"
274,63,150,"(1355587.000035584, 409970.24986466765)","['OAKLAND AVE', 'DAWSON ST', 'OAKLAND WAY']"
274,174,482,"(1355587.000035584, 409970.24986466765)","['OAKLAND AVE', 'DAWSON ST', 'OAKLAND WAY']"
274,201,150,"(1355587.000035584, 409970.24986466765)","['OAKLAND AVE', 'DAWSON ST', 'OAKLAND WAY']"
274,326,557,"(1355587.000035584, 409970.24986466765)","['OAKLAND AVE', 'DAWSON ST', 'OAKLAND WAY']"
275,152,257,"(1355215.2501229197, 409646.2501845956)","['MELBA PL', 'CABLE PL']"
275,202,86,"(1355215.2501229197, 409646.2501845956)","['MELBA PL', 'CABLE PL']"
275,213,213,"(1355215.2501229197, 409646.2501845956)","['MELBA PL', 'CABLE PL']"
276,101,352,"(1355530.7501480877, 409377.50006592274)","['SEMPLE ST', 'BOLAIR WAY']"
276,216,136,"(1355530.7501480877, 409377.50006592274)","['SEMPLE ST', 'BOLAIR WAY']"
276,232,140,"(1355530.7501480877, 409377.50006592274)","['SEMPLE ST', 'BOLAIR WAY']"
277,175,226,"(1361749.499849677, 412528.24999800324)","['FAIR OAKS ST', 'WILKINS AVE']"
277,268,58,"(1361749.499849677, 412528.24999800324)","['FAIR OAKS ST', 'WILKINS AVE']"
277,312,353,"(1361749.499849677, 412528.24999800324)","['FAIR OAKS ST', 'WILKINS AVE']"
277,323,314,"(1361749.499849677, 412528.24999800324)","['FAIR OAKS ST', 'WILKINS AVE']"
278,215,62,"(1354748.6637857556, 409305.7452881783)","['ZULEMA ST', 'BORDER']"
278,226,114,"(1354748.6637857556, 409305.7452881783)","['ZULEMA ST', 'BORDER']"
279,3,128,"(1357322.1891505122, 408821.68785734475)","['OVERLOOK DR', 'BORDER']"
279,17,446,"(1357322.1891505122, 408821.68785734475)","['OVERLOOK DR', 'BORDER']"
279,108,6067,"(1357322.1891505122, 408821.68785734475)","['OVERLOOK DR', 'BORDER']"
280,103,336,"(1354656.2499285936, 412188.50002133846)","['5TH AVE', 'UNIVERSITY PL']"
280,192,343,"(1354656.2499285936, 412188.50002133846)","['5TH AVE', 'UNIVERSITY PL']"
280,410,639,"(1354656.2499285936, 412188.50002133846)","['5TH AVE', 'UNIVERSITY PL']"
281,74,138,"(1354461.249990508, 410611.2498950064)","['LOUISA ST', 'YORK WAY']"
281,149,134,"(1354461.249990508, 410611.2498950064)","['LOUISA ST', 'YORK WAY']"
281,282,201,"(1354461.249990508, 410611.2498950064)","['LOUISA ST', 'YORK WAY']"
281,336,813,"(1354461.249990508, 410611.2498950064)","['LOUISA ST', 'YORK WAY']"
282,281,201,"(1354325.24993442, 410759.50025467575)","['YORK WAY', 'BORDER']"
283,284,515,"(1358400.680103764, 413088.7537982613)","['MOREWOOD AVE', 'BORDER']"
284,27,537,"(1358412.7499615103, 412906.24989816546)","['MOREWOOD AVE', 'BORDER']"
284,283,515,"(1358412.7499615103, 412906.24989816546)","['MOREWOOD AVE', 'BORDER']"
284,324,867,"(1358412.7499615103, 412906.24989816546)","['MOREWOOD AVE', 'BORDER']"
285,258,324,"(1362386.2498885095, 407022.499854669)","['WIGHTMAN ST', 'MELVIN ST']"
285,270,307,"(1362386.2498885095, 407022.499854669)","['WIGHTMAN ST', 'MELVIN ST']"
285,411,1262,"(1362386.2498885095, 407022.499854669)","['WIGHTMAN ST', 'MELVIN ST']"
286,32,270,"(1359810.0001197606, 412365.7499949187)","['PENTON RD', 'BEELER ST']"
286,269,521,"(1359810.0001197606, 412365.7499949187)","['PENTON RD', 'BEELER ST']"
286,300,177,"(1359810.0001197606, 412365.7499949187)","['PENTON RD', 'BEELER ST']"
287,77,2466,"(1358663.7501156777, 409921.7499616742)","['W CIRCUIT RD', 'E CIRCUIT RD']"
287,271,2597,"(1358663.7501156777, 409921.7499616742)","['W CIRCUIT RD', 'E CIRCUIT RD']"
288,168,518,"(1360739.7499006689, 409065.7500332594)","['DARLINGTON RD', 'E CIRCUIT RD']"
288,263,880,"(1360739.7499006689, 409065.7500332594)","['DARLINGTON RD', 'E CIRCUIT RD']"
288,271,504,"(1360739.7499006689, 409065.7500332594)","['DARLINGTON RD', 'E CIRCUIT RD']"
289,220,36,"(1362383.9998930097, 407670.7498705089)","['WIGHTMAN ST', 'HEMPSTEAD RD']"
289,233,254,"(1362383.9998930097, 407670.7498705089)","['WIGHTMAN ST', 'HEMPSTEAD RD']"
289,412,533,"(1362383.9998930097, 407670.7498705089)","['WIGHTMAN ST', 'HEMPSTEAD RD']"
290,29,177,"(1360454.0001440942, 412608.99983650446)","['OLYMPIA PL', 'BEELER ST']"
290,302,452,"(1360454.0001440942, 412608.99983650446)","['OLYMPIA PL', 'BEELER ST']"
290,318,194,"(1360454.0001440942, 412608.99983650446)","['OLYMPIA PL', 'BEELER ST']"
291,292,998,"(1359031.9157179296, 413083.9454089254)","['DEVON RD', 'BORDER']"
292,269,704,"(1358675.5004202574, 412289.2501479238)","['DEVON RD', 'FORBES AVE']"
292,291,998,"(1358675.5004202574, 412289.2501479238)","['DEVON RD', 'FORBES AVE']"
292,324,197,"(1358675.5004202574, 412289.2501479238)","['DEVON RD', 'FORBES AVE']"
293,142,459,"(1356178.500164926, 412245.9999063462)","['S DITHRIDGE ST', 'FORBES AVE']"
293,191,408,"(1356178.500164926, 412245.9999063462)","['S DITHRIDGE ST', 'FORBES AVE']"
293,303,152,"(1356178.500164926, 412245.9999063462)","['S DITHRIDGE ST', 'FORBES AVE']"
294,181,938,"(1357983.6533787549, 406748.4210065007)","['SALINE ST', 'BORDER']"
295,93,407,"(1362383.2498944998, 412120.50015734136)","['WIGHTMAN ST', 'WILKINS AVE']"
295,100,226,"(1362383.2498944998, 412120.50015734136)","['WIGHTMAN ST', 'WILKINS AVE']"
295,312,399,"(1362383.2498944998, 412120.50015734136)","['WIGHTMAN ST', 'WILKINS AVE']"
295,413,535,"(1362383.2498944998, 412120.50015734136)","['WIGHTMAN ST', 'WILKINS AVE']"
296,254,185,"(1354366.4998519272, 407462.50028701127)","['WHITNEY ST', 'BORDER']"
297,50,142,"(1354376.5001600087, 409040.5000837594)","['BATES ST', 'BLVD OF THE ALLIES']"
297,298,234,"(1354376.5001600087, 409040.5000837594)","['BATES ST', 'BLVD OF THE ALLIES']"
297,320,1160,"(1354376.5001600087, 409040.5000837594)","['BATES ST', 'BLVD OF THE ALLIES']"
297,325,555,"(1354376.5001600087, 409040.5000837594)","['BATES ST', 'BLVD OF THE ALLIES']"
298,41,105,"(1354444.3536988348, 409265.25094659626)","['COLTART AVE', 'BATES ST']"
298,225,75,"(1354444.3536988348, 409265.25094659626)","['COLTART AVE', 'BATES ST']"
298,297,234,"(1354444.3536988348, 409265.25094659626)","['COLTART AVE', 'BATES ST']"
299,41,180,"(1354264.985291168, 409478.162266165)","['COLTART AVE', 'BORDER']"
300,286,177,"(1359965.5001368374, 412452.25015001)","['BEELER ST', 'UNGER LN']"
300,318,329,"(1359965.5001368374, 412452.25015001)","['BEELER ST', 'UNGER LN']"
300,414,469,"(1359965.5001368374, 412452.25015001)","['BEELER ST', 'UNGER LN']"
301,302,629,"(1360434.2498555034, 412387.24995192885)","['BEELERMONT PL', 'BORDER']"
302,290,452,"(1360905.4998972565, 412643.25042417645)","['BEELER ST', 'BEELERMONT PL']"
302,301,629,"(1360905.4998972565, 412643.25042417645)","['BEELER ST', 'BEELERMONT PL']"
302,323,577,"(1360905.4998972565, 412643.25042417645)","['BEELER ST', 'BEELERMONT PL']"
303,198,411,"(1356033.5007830113, 412200.24999783933)","['FORBES AVE', 'S BELLEFIELD AVE']"
303,205,451,"(1356033.5007830113, 412200.24999783933)","['FORBES AVE', 'S BELLEFIELD AVE']"
303,293,152,"(1356033.5007830113, 412200.24999783933)","['FORBES AVE', 'S BELLEFIELD AVE']"
304,305,127,"(1359614.7498540878, 412821.2503962517)","['DORSET RD', 'BORDER']"
305,32,222,"(1359626.5001586676, 412694.4999935925)","['HOLYROOD RD', 'DORSET RD']"
305,61,360,"(1359626.5001586676, 412694.4999935925)","['HOLYROOD RD', 'DORSET RD']"
305,304,127,"(1359626.5001586676, 412694.4999935925)","['HOLYROOD RD', 'DORSET RD']"
306,124,1370,"(1356037.0001198351, 410522.50007250905)","['BOUNDARY ST', 'DIULUS WAY']"
306,139,199,"(1356037.0001198351, 410522.50007250905)","['BOUNDARY ST', 'DIULUS WAY']"
306,329,134,"(1356037.0001198351, 410522.50007250905)","['BOUNDARY ST', 'DIULUS WAY']"
307,187,148,"(1355387.7501060069, 407214.2501273453)","['CHILDS ST', 'BORDER']"
307,239,538,"(1355387.7501060069, 407214.2501273453)","['CHILDS ST', 'BORDER']"
307,313,113,"(1355387.7501060069, 407214.2501273453)","['CHILDS ST', 'BORDER']"
308,188,203,"(1355161.749901846, 408226.000400424)","['EDITH PL', 'DAWSON ST']"
308,248,397,"(1355161.749901846, 408226.000400424)","['EDITH PL', 'DAWSON ST']"
308,330,427,"(1355161.749901846, 408226.000400424)","['EDITH PL', 'DAWSON ST']"
309,221,203,"(1354251.9498841763, 407767.37664575875)","['FRAZIER ST', 'BORDER']"
310,311,289,"(1361269.9138665944, 407542.5575415939)","['COVODE PL', 'BORDER']"
311,219,688,"(1361557.9999045879, 407527.5004850924)","['MURDOCH RD', 'COVODE PL', 'COVODE ST']"
311,272,139,"(1361557.9999045879, 407527.5004850924)","['MURDOCH RD', 'COVODE PL', 'COVODE ST']"
311,310,289,"(1361557.9999045879, 407527.5004850924)","['MURDOCH RD', 'COVODE PL', 'COVODE ST']"
312,95,752,"(1362045.4999138415, 412334.5000574291)","['WILKINS AVE', 'BELLEROCK ST']"
312,277,353,"(1362045.4999138415, 412334.5000574291)","['WILKINS AVE', 'BELLEROCK ST']"
312,295,399,"(1362045.4999138415, 412334.5000574291)","['WILKINS AVE', 'BELLEROCK ST']"
313,307,113,"(1355461.999957502, 407128.7499702573)","['CHILDS ST', 'BORDER']"
313,415,531,"(1355461.999957502, 407128.7499702573)","['CHILDS ST', 'BORDER']"
314,5,216,"(1354784.9999991804, 407230.7504224181)","['FRAZIER ST', 'FOWLKES WAY']"
314,255,271,"(1354784.9999991804, 407230.7504224181)","['FRAZIER ST', 'FOWLKES WAY']"
314,316,144,"(1354784.9999991804, 407230.7504224181)","['FRAZIER ST', 'FOWLKES WAY']"
315,51,130,"(1354725.500118181, 408890.5003837496)","['BLVD OF THE ALLIES', 'NIMROD WAY']"
315,64,162,"(1354725.500118181, 408890.5003837496)","['BLVD OF THE ALLIES', 'NIMROD WAY']"
315,416,110,"(1354725.500118181, 408890.5003837496)","['BLVD OF THE ALLIES', 'NIMROD WAY']"
316,36,143,"(1354681.749877587, 407129.7499682605)","['FOWLKES WAY', 'WHITNEY ST']"
316,254,274,"(1354681.749877587, 407129.7499682605)","['FOWLKES WAY', 'WHITNEY ST']"
316,314,144,"(1354681.749877587, 407129.7499682605)","['FOWLKES WAY', 'WHITNEY ST']"
317,83,143,"(1356893.7500467598, 412904.25023025274)","['WINTHROP ST', 'SPRING WAY']"
317,85,251,"(1356893.7500467598, 412904.25023025274)","['WINTHROP ST', 'SPRING WAY']"
317,88,198,"(1356893.7500467598, 412904.25023025274)","['WINTHROP ST', 'SPRING WAY']"
318,290,194,"(1360260.749874428, 412590.99987250566)","['BEELER ST', 'GATEWOOD DR']"
318,300,329,"(1360260.749874428, 412590.99987250566)","['BEELER ST', 'GATEWOOD DR']"
318,417,253,"(1360260.749874428, 412590.99987250566)","['BEELER ST', 'GATEWOOD DR']"
319,239,560,"(1355609.249991089, 407358.2498393357)","['SWINBURNE ST', 'BORDER']"
319,418,806,"(1355609.249991089, 407358.2498393357)","['SWINBURNE ST', 'BORDER']"
320,297,1160,"(1354260.1165345013, 408839.1822449267)","['BATES ST', 'BORDER']"
321,25,1957,"(1361566.1780378371, 406721.1320190877)","['FORWARD AVE TO I376 WB RAMP', 'BORDER']"
322,103,335,"(1354283.0908980072, 411854.4140753448)","['5TH AVE', 'BORDER']"
323,207,702,"(1361481.0000585914, 412691.74999909103)","['WILKINS AVE', 'BEELER ST']"
323,277,314,"(1361481.0000585914, 412691.74999909103)","['WILKINS AVE', 'BEELER ST']"
323,302,577,"(1361481.0000585914, 412691.74999909103)","['WILKINS AVE', 'BEELER ST']"
324,27,300,"(1358483.5004761666, 412337.5000514239)","['FORBES AVE', 'MOREWOOD AVE']"
324,284,867,"(1358483.5004761666, 412337.5000514239)","['FORBES AVE', 'MOREWOOD AVE']"
324,292,197,"(1358483.5004761666, 412337.5000514239)","['FORBES AVE', 'MOREWOOD AVE']"
325,297,555,"(1354262.1326065958, 409103.7817813456)","['BLVD OF THE ALLIES', 'BORDER']"
326,24,120,"(1355765.000007674, 410498.7504480928)","['S BOUQUET ST', 'DAWSON ST', 'DIULUS WAY']"
326,274,557,"(1355765.000007674, 410498.7504480928)","['S BOUQUET ST', 'DAWSON ST', 'DIULUS WAY']"
326,329,152,"(1355765.000007674, 410498.7504480928)","['S BOUQUET ST', 'DAWSON ST', 'DIULUS WAY']"
327,85,201,"(1357089.6348255873, 413098.7406549156)","['S NEVILLE ST', 'BORDER']"
328,266,204,"(1354279.5594090074, 411390.9281256795)","['FORBES AVE', 'BORDER']"
329,306,134,"(1355912.0295692533, 410472.0382311791)","['DIULUS WAY', 'BORDER']"
329,326,152,"(1355912.0295692533, 410472.0382311791)","['DIULUS WAY', 'BORDER']"
330,6,163,"(1355079.2500668466, 407806.24992759526)","['DAWSON ST', 'HOLMES PL', 'SWINBURNE ST']"
330,238,269,"(1355079.2500668466, 407806.24992759526)","['DAWSON ST', 'HOLMES PL', 'SWINBURNE ST']"
330,308,427,"(1355079.2500668466, 407806.24992759526)","['DAWSON ST', 'HOLMES PL', 'SWINBURNE ST']"
330,419,121,"(1355079.2500668466, 407806.24992759526)","['DAWSON ST', 'HOLMES PL', 'SWINBURNE ST']"
331,15,460,"(1354658.999923095, 407721.00009809434)","['WARD ST', 'OAKLAND CT']"
331,255,303,"(1354658.999923095, 407721.00009809434)","['WARD ST', 'OAKLAND CT']"
331,350,197,"(1354658.999923095, 407721.00009809434)","['WARD ST', 'OAKLAND CT']"
332,70,585,"(1358931.0002373457, 411261.2830437571)","['MARGARET MORRISON ST', 'SKIBO DR']"
332,137,380,"(1358931.0002373457, 411261.2830437571)","['MARGARET MORRISON ST', 'SKIBO DR']"
332,420,475,"(1358931.0002373457, 411261.2830437571)","['MARGARET MORRISON ST', 'SKIBO DR']"
333,58,306,"(1354276.7155826688, 411017.67427900434)","['ATWOOD ST', 'BORDER']"
334,421,22271,"(1354245.8573766798, 406967.73487234116)","['I376 EB', 'BORDER']"
335,422,22271,"(1357721.6178135872, 406750.4170655012)","['I376 EB', 'BORDER']"
336,173,133,"(1355008.7498797625, 410010.0004413426)","['BATES ST', 'YORK WAY']"
336,199,139,"(1355008.7498797625, 410010.0004413426)","['BATES ST', 'YORK WAY']"
336,281,813,"(1355008.7498797625, 410010.0004413426)","['BATES ST', 'YORK WAY']"
337,15,198,"(1354938.000021264, 408123.99994824827)","['HOLMES PL', 'BORDER']"
338,12,239,"(1354722.7501236796, 409473.4998739213)","['MCKEE PL', 'SAINT JAMES PL']"
338,169,122,"(1354722.7501236796, 409473.4998739213)","['MCKEE PL', 'SAINT JAMES PL']"
338,226,234,"(1354722.7501236796, 409473.4998739213)","['MCKEE PL', 'SAINT JAMES PL']"
339,207,594,"(1360863.3552965075, 413069.99464942515)","['WILKINS AVE', 'BORDER']"
340,423,9932,"(1354246.1871004254, 407011.0280928463)","['I376 WB', 'BORDER']"
341,424,9932,"(1357620.3732654303, 406751.1883894205)","['I376 WB', 'BORDER']"
342,425,65,"(1360172.897687927, 413075.25415334105)","['WILKINS HEIGHTS RD', 'BORDER']"
343,137,385,"(1358199.100126341, 411464.74785992503)","['MARGARET MORRISON ST', 'BORDER']"
344,58,272,"(1354276.4052158445, 410976.9407646656)","['SENNOTT ST', 'BORDER']"
345,83,201,"(1356733.77923809, 413094.8174344152)","['HENRY ST', 'ZEBINA WAY']"
345,84,169,"(1356733.77923809, 413094.8174344152)","['HENRY ST', 'ZEBINA WAY']"
345,426,350,"(1356733.77923809, 413094.8174344152)","['HENRY ST', 'ZEBINA WAY']"
346,0,272,"(1360053.9999598414, 410624.500196591)","['SCHENLEY RD', 'BORDER']"
347,1,180,"(1362497.5915293396, 409677.0900179297)","['HOLLENDEN PL', 'BORDER']"
348,1,184,"(1362189.749953419, 409664.000477165)","['ALLEY', 'BORDER']"
349,2,173,"(1362495.8644986749, 409450.3043822497)","['DARLINGTON RD', 'BORDER']"
350,6,198,"(1354853.249862671, 407682.9998460114)","['DAWSON CT', 'OAKLAND CT']"
350,331,197,"(1354853.249862671, 407682.9998460114)","['DAWSON CT', 'OAKLAND CT']"
351,13,409,"(1360183.5000289232, 410550.2500170022)","['SCHENLEY RD', 'BORDER']"
352,22,732,"(1359562.1630170047, 406736.39708042145)","['GREENFIELD BRG', 'BORDER']"
353,22,1425,"(1359655.4971479177, 406735.68612383306)","['POCUSSET ST', 'BORDER']"
354,24,236,"(1355529.5001505911, 410391.7503340095)","['DIMLING WAY', 'BORDER']"
355,25,2153,"(1360772.2452425063, 406727.17957916856)","['FORWARD AVE TO I376 WB RAMP', 'BORDER']"
356,28,1203,"(1354248.8475281745, 406776.8700965941)","['2ND AVE', 'BORDER']"
357,29,182,"(1360627.0001261681, 412798.7501131743)","['OLYMPIA PL', 'BORDER']"
358,38,218,"(1359034.2500308454, 406759.7503801733)","['SALINE ST', 'BORDER']"
359,43,112,"(1355189.2498468459, 410775.2498950958)","['ARGYLE WAY', 'BORDER']"
360,62,125,"(1355888.0000897497, 409978.50017625093)","['PARKVIEW AVE', 'BORDER']"
361,62,164,"(1355999.749866262, 409804.24986858666)","['OAKLAND WAY', 'BORDER']"
362,66,650,"(1355500.7931870073, 413110.84332101047)","['RUSKIN AVE', 'BORDER']"
363,66,193,"(1355691.9670172632, 413109.3872871697)","['5TH AVE', 'BORDER']"
364,67,777,"(1354718.5621399283, 413116.8019705117)","['LYTTON AVE', 'BORDER']"
365,67,288,"(1354725.5913253427, 413116.74849292636)","['BIGELOW BLVD', 'BORDER']"
366,68,354,"(1362521.3739620894, 412800.09361442924)","['FAIR OAKS ST', 'BORDER']"
367,69,118,"(1360347.2500295043, 412199.49999934435)","['ROBIN RD', 'BORDER']"
368,70,199,"(1359542.7499980927, 411354.75037650764)","['ROSELAWN TER', 'BORDER']"
369,79,1423,"(1361225.2069350034, 406723.7294548452)","['I376 WB TO BEECHWOOD BLVD RAMP', 'BORDER']"
370,81,650,"(1355109.6948878467, 413113.8226457536)","['TENNYSON AVE', 'BORDER']"
371,82,283,"(1362522.5025687516, 412948.30690066516)","['S NEGLEY AVE', 'BORDER']"
372,90,144,"(1356785.2499356717, 412552.7499490082)","['ZEBINA WAY', 'BORDER']"
373,92,678,"(1362501.1144881696, 410139.6875179261)","['MARLBOROUGH RD', 'BORDER']"
374,93,189,"(1362513.0393330902, 411705.5971157551)","['SOLWAY ST', 'BORDER']"
375,94,185,"(1362510.258498758, 411340.4590665102)","['WOODMONT ST', 'BORDER']"
376,95,209,"(1362171.2499904186, 411568.24994949996)","['BELLEROCK PL', 'BORDER']"
377,101,80,"(1355808.7499201745, 409512.00012500584)","['BOLAIR WAY', 'BORDER']"
378,102,162,"(1355918.191630423, 409656.20324867964)","['OAKLAND SQ', 'BORDER']"
378,184,158,"(1355918.191630423, 409656.20324867964)","['OAKLAND SQ', 'BORDER']"
379,103,635,"(1354284.9754086733, 412101.72985367477)","['THACKERAY AVE', 'BORDER']"
380,106,154,"(1355757.521348089, 410634.9601494223)","['S BOUQUET CT', 'BORDER']"
381,110,268,"(1360097.4998728335, 411512.25038959086)","['NORMLEE PL', 'BORDER']"
382,114,187,"(1362507.4225464165, 410968.0559399277)","['NORTHUMBERLAND ST', 'BORDER']"
383,115,141,"(1361134.0000964254, 410855.00006367266)","['ALBEMARLE AVE', 'BORDER']"
384,119,424,"(1357983.5001638383, 412971.0004248321)","['DEVONSHIRE RD', 'BORDER']"
385,120,485,"(1359801.0001377612, 412990.25005824864)","['CARRIAGE RD', 'BORDER']"
386,122,158,"(1354488.7499355078, 407128.00029984117)","['WAKEFIELD ST', 'BORDER']"
387,124,432,"(1355879.500106752, 408877.50008167326)","['JUNO ST', 'BORDER']"
388,126,987,"(1362499.356945753, 409908.9015621692)","['FORBES AVE', 'BORDER']"
389,129,659,"(1354292.615157172, 413104.4250267595)","['PARKMAN AVE', 'BORDER']"
390,129,911,"(1354291.2526270896, 412925.6038620919)","['UNIVERSITY A DR', 'BORDER']"
391,136,417,"(1358780.9998811781, 410749.25027516484)","['FREW ST', 'BORDER']"
392,141,1278,"(1354369.9286508411, 406775.9478543401)","['BATES ST TO I376 EB RAMP', 'BORDER']"
393,152,101,"(1355094.2500368357, 409903.0003272593)","['URIE WAY', 'BORDER']"
394,162,175,"(1359627.750156179, 410669.500106588)","['SCHENLEY RD', 'BORDER']"
395,164,387,"(1362503.5167143345, 410455.1304565817)","['AYLESBORO AVE', 'BORDER']"
396,176,542,"(1359894.74995026, 411683.2503756732)","['TECHVIEW TER', 'BORDER']"
397,186,868,"(1355617.5196595937, 406766.4445925057)","['ORPWOOD ST', 'BORDER']"
398,207,645,"(1360916.829599008, 413069.5874980092)","['DUNMOYLE ST', 'BORDER']"
399,211,602,"(1362488.594172001, 408495.5766329169)","['BEACON ST', 'BORDER']"
400,228,99,"(1355596.7500160933, 408284.24995583296)","['EDGEHILL ST', 'BORDER']"
401,233,1449,"(1362484.267080918, 407927.35467225313)","['HOBART ST', 'BORDER']"
402,241,214,"(1360925.9998562634, 407533.25014550984)","['HYDIN RD', 'BORDER']"
403,246,295,"(1355237.2294096798, 406769.3415683359)","['FRAZIER ST', 'BORDER']"
404,246,337,"(1355089.7562794238, 406770.4645975828)","['BOHEM ST', 'BORDER']"
405,251,109,"(1361845.7499852628, 407748.25037167966)","['WENDOVER PL', 'BORDER']"
406,258,947,"(1362479.9481919259, 407360.25410042703)","['PHILLIPS AVE', 'BORDER']"
407,261,572,"(1355429.619772926, 406767.8760200888)","['WOLF WAY', 'BORDER']"
408,262,175,"(1362493.0236250907, 409077.25361917913)","['BARTLETT ST', 'BORDER']"
409,270,1119,"(1362387.8522475064, 406714.87317334116)","['POCUSSET ST', 'BORDER']"
410,280,639,"(1354288.7270415872, 412594.1058374196)","['UNIVERSITY PL', 'BORDER']"
411,285,1262,"(1362477.4649291784, 407034.1491095871)","['MELVIN ST', 'BORDER']"
412,289,533,"(1362482.3074391782, 407670.02907142043)","['HEMPSTEAD RD', 'BORDER']"
413,295,535,"(1362516.0327654183, 412098.6980355829)","['WILKINS AVE', 'BORDER']"
414,300,469,"(1360093.999879837, 412820.7500691712)","['UNGER LN', 'BORDER']"
415,313,531,"(1355817.4418319166, 406764.9216296673)","['CHILDS ST', 'BORDER']"
416,315,110,"(1354752.0728996694, 408997.7229383439)","['NIMROD WAY', 'BORDER']"
417,318,253,"(1360250.2498954237, 412844.00002267957)","['GATEWOOD DR', 'BORDER']"
418,319,806,"(1355957.27062051, 406763.8566711694)","['SWINBURNE ST', 'BORDER']"
419,330,121,"(1354961.4327171743, 407834.6747395098)","['HOLMES PL', 'BORDER']"
420,332,475,"(1359322.2944022566, 411269.98184525967)","['SKIBO DR', 'BORDER']"
421,334,22271,"(1354376.5431389213, 406775.89732950926)","['I376 EB', 'BORDER']"
422,335,22271,"(1358683.519433096, 406743.08998042345)","['I376 EB', 'BORDER']"
423,340,9932,"(1354414.8412906677, 406775.60566341877)","['I376 WB', 'BORDER']"
424,341,9932,"(1358804.972930342, 406742.16478541493)","['I376 WB', 'BORDER']"
425,342,65,"(1360197.331366092, 413065.4628343433)","['WILKINS HEIGHTS RD', 'BORDER']"
426,345,350,"(1356821.0451396704, 413100.78658258915)","['HENRY ST', 'BORDER']"
